Symbol,Date,Open,High,Low,Adj Close,Volume
AAPL,12/08/2016,107.779999,108.440002,107.779999,108.18,18612300
AAPL,11/08/2016,108.519997,108.93,107.849998,107.93,27484500
AAPL,10/08/2016,108.709999,108.900002,107.760002,108.0,24008500
AAPL,09/08/2016,108.230003,108.940002,108.010002,108.809998,26315200
AAPL,08/08/2016,107.519997,108.370003,107.160004,108.370003,28037200
AAPL,05/08/2016,106.269997,107.650002,106.18,107.480003,40553400
AAPL,04/08/2016,105.580002,106.0,105.279999,105.870003,27408700
AAPL,03/08/2016,104.809998,105.839996,104.769997,105.220002,30202600
AAPL,02/08/2016,106.050003,106.07,104.0,103.917063,33816600
AAPL,01/08/2016,104.410004,106.150002,104.410004,105.478603,38167900
AAPL,29/07/2016,104.190002,104.550003,103.68,103.648513,27733700
AAPL,28/07/2016,102.830002,104.449997,102.82,103.77781,39869800
AAPL,27/07/2016,104.269997,104.349998,102.75,102.3953,92344800
AAPL,26/07/2016,96.82,97.970001,96.419998,96.149138,56239800
AAPL,25/07/2016,98.25,98.839996,96.919998,96.815526,40382900
AAPL,22/07/2016,99.260002,99.300003,98.309998,98.128421,28313700
AAPL,21/07/2016,99.830002,101.0,99.129997,98.894269,32702000
AAPL,20/07/2016,100.0,100.459999,99.739998,99.421412,26276000
AAPL,19/07/2016,99.559998,100.0,99.339996,99.331901,23779900
AAPL,18/07/2016,98.699997,100.129997,98.599998,99.292116,36493900
AAPL,15/07/2016,98.919998,99.300003,98.5,98.24777,30137000
AAPL,14/07/2016,97.389999,98.989998,97.32,98.257718,38919000
AAPL,13/07/2016,97.410004,97.669998,96.839996,96.348065,25892200
AAPL,12/07/2016,97.169998,97.699997,97.120003,96.895097,24167500
AAPL,11/07/2016,96.75,97.650002,96.730003,96.457473,23794900
AAPL,08/07/2016,96.489998,96.889999,96.050003,96.159086,28912100
AAPL,07/07/2016,95.699997,96.5,95.620003,95.423076,25139600
AAPL,06/07/2016,94.599998,95.660004,94.370003,95.015281,30949100
AAPL,05/07/2016,95.389999,95.400002,94.459999,94.47819,27705200
AAPL,01/07/2016,95.489998,96.470001,95.330002,95.373342,26026500
AAPL,30/06/2016,94.440002,95.769997,94.300003,95.084904,35836400
AAPL,29/06/2016,93.970001,94.550003,93.629997,93.891372,36531000
AAPL,28/06/2016,92.900002,93.660004,92.139999,93.085731,40444900
AAPL,27/06/2016,93.0,93.050003,91.5,91.544087,45489600
AAPL,24/06/2016,92.910004,94.660004,92.650002,92.89676,75311400
AAPL,23/06/2016,95.940002,96.290001,95.25,95.58221,32240200
AAPL,22/06/2016,96.25,96.889999,95.349998,95.035178,29219100
AAPL,21/06/2016,94.940002,96.349998,94.68,95.393239,35546400
AAPL,20/06/2016,96.0,96.57,95.029999,94.587598,34411900
AAPL,17/06/2016,96.620003,96.650002,95.300003,94.816362,61008200
AAPL,16/06/2016,96.449997,97.75,96.07,97.024402,31326800
AAPL,15/06/2016,97.82,98.410004,97.029999,96.616607,29445200
AAPL,14/06/2016,97.32,98.480003,96.75,96.934883,31931900
AAPL,13/06/2016,98.690002,99.120003,97.099998,96.815526,38020500
AAPL,10/06/2016,98.529999,99.349998,98.480003,98.297504,31712900
AAPL,09/06/2016,98.5,99.989998,98.459999,99.113085,26601400
AAPL,08/06/2016,99.019997,99.559998,98.68,98.406912,20848100
AAPL,07/06/2016,99.25,99.870003,98.959999,98.496423,22409500
AAPL,06/06/2016,97.989998,101.889999,97.550003,98.098577,23292500
AAPL,03/06/2016,97.790001,98.269997,97.449997,97.392403,28504900
AAPL,02/06/2016,97.599998,97.839996,96.629997,97.193484,40191600
AAPL,01/06/2016,99.019997,99.540001,98.330002,97.929494,29173300
AAPL,31/05/2016,99.599998,100.400002,98.82,99.321953,42307200
AAPL,27/05/2016,99.440002,100.470001,99.25,99.809311,36341200
AAPL,26/05/2016,99.68,100.730003,98.639999,99.868992,56331200
AAPL,25/05/2016,98.669998,99.739998,98.110001,99.083248,38168800
AAPL,24/05/2016,97.220001,98.089996,96.839996,97.372514,35140200
AAPL,23/05/2016,95.870003,97.190002,95.669998,95.910433,38018600
AAPL,20/05/2016,94.639999,95.43,94.519997,94.706954,32026000
AAPL,19/05/2016,94.639999,94.639999,93.57,93.692445,30442100
AAPL,18/05/2016,94.160004,95.209999,93.889999,94.050506,42062400
AAPL,17/05/2016,94.550003,94.699997,93.010002,92.986272,46916900
AAPL,16/05/2016,92.389999,94.389999,91.650002,93.37417,61259800
AAPL,13/05/2016,90.0,91.669998,90.0,90.032273,44392800
AAPL,12/05/2016,92.720001,92.779999,89.470001,89.853242,76314700
AAPL,11/05/2016,93.480003,93.57,92.459999,92.011556,28719100
AAPL,10/05/2016,93.330002,93.57,92.110001,92.916649,33686800
AAPL,09/05/2016,93.0,93.769997,92.589996,92.290046,32936400
AAPL,06/05/2016,93.370003,93.449997,91.849998,92.220424,43699900
AAPL,05/05/2016,94.0,94.07,92.68,92.737619,35890500
AAPL,04/05/2016,95.199997,95.900002,93.82,93.115575,41025500
AAPL,03/05/2016,94.199997,95.739998,93.68,94.09428,56831300
AAPL,02/05/2016,93.970001,94.080002,92.400002,92.571846,48160100
AAPL,29/04/2016,93.989998,94.720001,92.510002,92.670704,68531500
AAPL,28/04/2016,97.610001,97.879997,94.25,93.748274,82242700
AAPL,27/04/2016,96.0,98.709999,95.68,96.704165,114602100
AAPL,26/04/2016,103.910004,105.300003,103.910004,103.159676,56016200
AAPL,25/04/2016,105.0,105.650002,104.510002,103.881352,28031600
AAPL,22/04/2016,105.010002,106.480003,104.620003,104.474507,33683100
AAPL,21/04/2016,106.93,106.93,105.519997,104.7612,31552500
AAPL,20/04/2016,106.639999,108.089996,106.059998,105.907963,30611000
AAPL,19/04/2016,107.879997,108.0,106.230003,105.690479,32384900
AAPL,18/04/2016,108.889999,108.949997,106.940002,106.253977,60821500
AAPL,15/04/2016,112.110001,112.300003,109.730003,108.596938,46939000
AAPL,14/04/2016,111.620003,112.389999,111.330002,110.821272,25473900
AAPL,13/04/2016,110.800003,112.339996,110.800003,110.761959,33257300
AAPL,12/04/2016,109.339996,110.5,108.660004,109.180211,27232300
AAPL,11/04/2016,108.970001,110.610001,108.830002,107.776404,29407500
AAPL,08/04/2016,108.910004,109.769997,108.169998,107.420517,23581700
AAPL,07/04/2016,109.949997,110.419998,108.120003,107.301883,31801900
AAPL,06/04/2016,110.230003,110.980003,109.199997,109.694276,26404100
AAPL,05/04/2016,109.510002,110.730003,109.419998,108.557393,26578700
AAPL,04/04/2016,110.419998,112.190002,110.269997,109.852455,37356200
AAPL,01/04/2016,108.779999,110.0,108.199997,108.73534,25874000
AAPL,31/03/2016,109.720001,109.900002,108.879997,107.746747,25888400
AAPL,30/03/2016,108.650002,110.419998,108.599998,108.310245,45601100
AAPL,29/03/2016,104.889999,107.790001,104.879997,106.451693,31190100
AAPL,28/03/2016,106.0,106.190002,105.059998,103.990098,19411400
AAPL,24/03/2016,105.470001,106.25,104.889999,104.464619,26133000
AAPL,23/03/2016,106.480003,107.07,105.900002,104.91937,25703500
AAPL,22/03/2016,105.25,107.290001,105.209999,105.502644,32444400
AAPL,21/03/2016,105.93,107.650002,105.139999,104.701886,35502700
AAPL,18/03/2016,106.339996,106.5,105.190002,104.711767,44205200
AAPL,17/03/2016,105.519997,106.470001,104.959999,104.593141,34420700
AAPL,16/03/2016,104.610001,106.309998,104.589996,104.7612,38303500
AAPL,15/03/2016,103.959999,105.18,103.849998,103.387056,40067700
AAPL,14/03/2016,101.910004,102.910004,101.779999,101.350549,25076100
AAPL,11/03/2016,102.239998,102.279999,101.5,101.09352,27408200
AAPL,10/03/2016,101.410004,102.239998,100.150002,100.01595,33513600
AAPL,09/03/2016,101.309998,101.580002,100.269997,99.966525,27201700
AAPL,08/03/2016,100.779999,101.760002,100.400002,99.877548,31561900
AAPL,07/03/2016,102.389999,102.830002,100.959999,100.70797,35828900
AAPL,04/03/2016,102.370003,103.75,101.370003,101.834965,46055100
AAPL,03/03/2016,100.580002,101.709999,100.449997,100.342188,36955700
AAPL,02/03/2016,100.510002,100.889999,99.639999,99.600743,33169600
AAPL,01/03/2016,97.650002,100.769997,97.419998,99.383251,50407100
AAPL,29/02/2016,96.860001,98.230003,96.650002,95.587058,35216300
AAPL,26/02/2016,97.199997,98.019997,96.580002,95.80455,28991100
AAPL,25/02/2016,96.050003,96.760002,95.25,95.656259,27582700
AAPL,24/02/2016,93.980003,96.379997,93.32,95.003784,36255700
AAPL,23/02/2016,96.400002,96.5,94.550003,93.609872,31942600
AAPL,22/02/2016,96.309998,96.900002,95.919998,95.774885,34280800
AAPL,19/02/2016,96.0,96.760002,95.800003,94.944471,35374200
AAPL,18/02/2016,98.839996,98.889999,96.089996,95.161963,39021000
AAPL,17/02/2016,96.669998,98.209999,96.150002,97.000746,44863200
AAPL,16/02/2016,95.019997,96.849998,94.610001,95.537625,49057900
AAPL,12/02/2016,94.190002,94.5,93.010002,92.917852,40351400
AAPL,11/02/2016,93.790001,94.720001,92.589996,92.631159,50074700
AAPL,10/02/2016,95.919998,96.349998,94.099998,93.194657,42343600
AAPL,09/02/2016,94.290001,95.940002,93.93,93.906445,44331200
AAPL,08/02/2016,93.129997,95.699997,93.040001,93.926221,54021400
AAPL,05/02/2016,96.519997,96.919998,93.690002,92.947509,46418100
AAPL,04/02/2016,95.860001,97.330002,95.190002,95.498081,46471700
AAPL,03/02/2016,95.0,96.839996,94.080002,94.736862,45964300
AAPL,02/02/2016,95.419998,96.040001,94.279999,92.898175,37357200
AAPL,01/02/2016,96.470001,96.709999,95.400002,94.815524,40943500
AAPL,29/01/2016,94.790001,97.339996,94.349998,95.710285,64416500
AAPL,28/01/2016,93.790001,94.519997,92.389999,92.514698,55678800
AAPL,27/01/2016,96.040001,96.629997,93.339996,91.855917,133369700
AAPL,26/01/2016,99.93,100.879997,98.07,98.315919,75077000
AAPL,25/01/2016,101.519997,101.529999,99.209999,97.775131,51794500
AAPL,22/01/2016,98.629997,101.459999,98.370003,99.721977,65800500
AAPL,21/01/2016,97.059998,97.879997,94.940002,94.687703,52161500
AAPL,20/01/2016,95.099998,98.190002,93.419998,95.169497,72334400
AAPL,19/01/2016,98.410004,98.650002,95.5,95.041677,53087700
AAPL,15/01/2016,96.199997,97.709999,95.360001,95.503801,79833900
AAPL,14/01/2016,97.959999,100.480003,95.739998,97.853786,63170100
AAPL,13/01/2016,100.32,101.190002,97.300003,95.75945,62439600
AAPL,12/01/2016,100.550003,100.690002,98.839996,98.286422,49154200
AAPL,11/01/2016,98.970001,99.059998,97.339996,96.880363,49739400
AAPL,08/01/2016,98.550003,99.110001,96.760002,95.336649,70798000
AAPL,07/01/2016,98.68,100.129997,96.43,94.835186,81094400
AAPL,06/01/2016,100.559998,102.370003,99.870003,99.01403,68457400
AAPL,05/01/2016,105.75,105.849998,102.410004,100.99038,55791000
AAPL,04/01/2016,102.610001,105.370003,102.0,103.58618,67649400
AAPL,31/12/2015,107.010002,107.029999,104.82,103.49769,40912300
AAPL,30/12/2015,108.580002,108.699997,107.18,105.523198,25213800
AAPL,29/12/2015,106.959999,109.43,106.860001,106.919422,30931200
AAPL,28/12/2015,107.589996,107.690002,106.18,105.031569,26704200
AAPL,24/12/2015,109.0,109.0,107.949997,106.22131,13596700
AAPL,23/12/2015,107.269997,108.849998,107.199997,106.791601,32657400
AAPL,22/12/2015,107.400002,107.720001,106.449997,105.434708,32789400
AAPL,21/12/2015,107.279999,107.370003,105.57,105.533033,47590600
AAPL,18/12/2015,108.910004,109.519997,105.809998,104.254795,96453300
AAPL,17/12/2015,112.019997,112.25,108.980003,107.155409,44772800
AAPL,16/12/2015,111.07,111.989998,108.800003,109.47589,56238500
AAPL,15/12/2015,111.940002,112.800003,110.349998,108.640123,52978100
AAPL,14/12/2015,112.18,112.68,109.790001,110.596811,64318700
AAPL,11/12/2015,115.190002,115.389999,112.849998,111.285088,46886200
AAPL,10/12/2015,116.040001,116.940002,115.510002,114.225026,29212700
AAPL,09/12/2015,117.639999,117.690002,115.080002,113.684239,46361400
AAPL,08/12/2015,117.519997,118.599998,116.860001,116.250541,34309500
AAPL,07/12/2015,118.980003,119.860001,117.809998,116.2997,32084200
AAPL,04/12/2015,115.290001,119.25,115.110001,117.037143,57777000
AAPL,03/12/2015,116.550003,116.790001,114.220001,113.271265,41569500
AAPL,02/12/2015,117.339996,118.110001,116.080002,114.333185,33386600
AAPL,01/12/2015,118.75,118.809998,116.860001,115.375435,34852400
AAPL,30/11/2015,117.989998,119.410004,117.75,116.319369,39180300
AAPL,27/11/2015,118.290001,118.410004,117.599998,115.837567,13046400
AAPL,25/11/2015,119.209999,119.230003,117.919998,116.053885,21388300
AAPL,24/11/2015,117.330002,119.349998,117.120003,116.889653,42803200
AAPL,23/11/2015,119.269997,119.730003,117.339996,115.778574,32482500
AAPL,20/11/2015,119.199997,119.919998,118.849998,117.302627,34287100
AAPL,19/11/2015,117.639999,119.75,116.760002,116.791328,43295800
AAPL,18/11/2015,115.760002,117.489998,115.5,115.326277,46674700
AAPL,17/11/2015,114.919998,115.050003,113.32,111.786551,27616900
AAPL,16/11/2015,111.379997,114.239998,111.0,112.268345,38106700
AAPL,13/11/2015,115.199997,115.57,112.269997,110.459148,45812400
AAPL,12/11/2015,116.260002,116.82,115.650002,113.782563,32525600
AAPL,11/11/2015,116.370003,117.419998,115.209999,114.166033,45218000
AAPL,10/11/2015,116.900002,118.07,116.059998,114.814979,59127900
AAPL,09/11/2015,120.959999,121.809998,120.050003,118.55136,33871400
AAPL,06/11/2015,121.110001,121.809998,120.620003,119.033154,33042300
AAPL,05/11/2015,121.849998,122.690002,120.18,118.895499,39552700
AAPL,04/11/2015,123.129997,123.82,121.620003,119.446126,44886100
AAPL,03/11/2015,120.790001,123.489998,120.699997,120.004194,45519000
AAPL,02/11/2015,120.800003,121.360001,119.610001,118.643292,32203300
AAPL,30/10/2015,120.989998,121.220001,119.449997,116.99846,49365300
AAPL,29/10/2015,118.699997,120.690002,118.269997,118.006897,51227300
AAPL,28/10/2015,116.93,119.300003,116.059998,116.773271,85551400
AAPL,27/10/2015,115.400002,116.540001,113.989998,112.152083,69884400
AAPL,26/10/2015,118.080002,118.129997,114.919998,112.866798,66333800
AAPL,23/10/2015,116.699997,119.230003,116.330002,116.587254,59366900
AAPL,22/10/2015,114.330002,115.5,114.099998,113.082193,41654100
AAPL,21/10/2015,114.0,115.580002,113.699997,111.37862,41795200
AAPL,20/10/2015,111.339996,114.169998,110.82,111.388405,48967800
AAPL,19/10/2015,110.800003,111.75,110.110001,109.391116,29759200
AAPL,16/10/2015,111.779999,112.0,110.529999,108.715557,38236300
AAPL,15/10/2015,110.93,112.099998,110.489998,109.518392,37673500
AAPL,14/10/2015,111.290001,111.519997,109.559998,107.90293,44462400
AAPL,13/10/2015,110.82,112.449997,110.68,109.449857,33049300
AAPL,12/10/2015,112.730003,112.75,111.440002,109.263832,30467200
AAPL,09/10/2015,110.0,112.279999,109.489998,109.772951,52766100
AAPL,08/10/2015,110.190002,110.190002,108.209999,107.207794,61979600
AAPL,07/10/2015,111.739998,111.769997,109.410004,108.460998,46765600
AAPL,06/10/2015,110.629997,111.739998,109.769997,108.979902,48857000
AAPL,05/10/2015,109.879997,111.370003,109.07,108.460998,52064700
AAPL,02/10/2015,108.010002,111.010002,107.550003,108.06937,58019800
AAPL,01/10/2015,109.07,109.620003,107.309998,107.286121,63929100
AAPL,30/09/2015,110.169998,111.540001,108.730003,107.99105,66473000
AAPL,29/09/2015,112.830002,113.510002,107.860001,106.777002,73365400
AAPL,28/09/2015,113.849998,114.57,112.440002,110.086252,52109000
AAPL,25/09/2015,116.440002,116.690002,114.019997,112.30873,56151900
AAPL,24/09/2015,113.25,115.5,112.370003,112.59266,50219500
AAPL,23/09/2015,113.629997,114.720001,113.300003,111.926895,35756700
AAPL,22/09/2015,113.379997,114.18,112.519997,111.026155,50346200
AAPL,21/09/2015,113.669998,115.370003,113.660004,112.798263,50222000
AAPL,18/09/2015,112.209999,114.300003,111.870003,111.075104,74285300
AAPL,17/09/2015,115.660004,116.489998,113.720001,111.535266,64112600
AAPL,16/09/2015,116.25,116.540001,115.440002,113.973148,37173500
AAPL,15/09/2015,115.93,116.529999,114.419998,113.845864,43341200
AAPL,14/09/2015,116.580002,116.889999,114.860001,112.896168,58363400
AAPL,11/09/2015,111.790001,114.209999,111.760002,111.819197,49915500
AAPL,10/09/2015,110.269997,113.279999,109.900002,110.213528,62892800
AAPL,09/09/2015,113.760002,114.019997,109.769997,107.844189,85010800
AAPL,08/09/2015,111.75,112.559998,110.32,109.958969,54843600
AAPL,04/09/2015,108.970001,110.449997,108.510002,106.982605,49996300
AAPL,03/09/2015,112.489998,112.779999,110.040001,108.059584,53233900
AAPL,02/09/2015,110.230003,112.339996,109.129997,109.988339,61888800
AAPL,01/09/2015,110.150002,111.879997,107.360001,105.465056,76845900
AAPL,31/08/2015,112.029999,114.529999,112.0,110.399553,56229300
AAPL,28/08/2015,112.169998,113.309998,111.540001,110.918457,53164400
AAPL,27/08/2015,112.230003,113.239998,110.019997,110.5562,84616100
AAPL,26/08/2015,107.089996,109.889999,105.050003,107.393819,96774600
AAPL,25/08/2015,111.110001,111.110001,103.5,101.568368,103601600
AAPL,24/08/2015,94.870003,108.800003,92.0,100.961352,162206300
AAPL,21/08/2015,110.43,111.900002,105.650002,103.546087,128275500
AAPL,20/08/2015,114.080002,114.349998,111.629997,110.291855,68501600
AAPL,19/08/2015,116.099998,116.519997,114.68,112.602453,47445700
AAPL,18/08/2015,116.43,117.440002,116.010002,114.06126,34560700
AAPL,17/08/2015,116.040001,117.650002,115.5,114.707448,40884700
AAPL,14/08/2015,114.32,116.309998,114.010002,113.532563,42929500
AAPL,13/08/2015,116.040001,116.400002,114.540001,112.739522,48535800
AAPL,12/08/2015,112.529999,115.419998,109.629997,112.827634,101217500
AAPL,11/08/2015,117.809998,118.18,113.330002,111.114268,97082800
AAPL,10/08/2015,116.529999,119.989998,116.529999,117.213856,54951600
AAPL,07/08/2015,114.580002,116.25,114.5,113.101772,38670400
AAPL,06/08/2015,115.970001,116.5,114.120003,112.719936,52903000
AAPL,05/08/2015,112.949997,117.440002,112.099998,112.475172,99312600
AAPL,04/08/2015,117.419998,117.699997,113.25,111.734432,124138600
AAPL,03/08/2015,121.5,122.57,117.519997,115.438123,69976000
AAPL,31/07/2015,122.599998,122.639999,120.910004,118.225637,42885000
AAPL,30/07/2015,122.32,122.57,121.709999,119.268517,33628300
AAPL,29/07/2015,123.150002,123.5,122.269997,119.872798,37011700
AAPL,28/07/2015,123.379997,123.910004,122.550003,120.252913,33618100
AAPL,27/07/2015,123.089996,123.610001,122.120003,119.658373,44455500
AAPL,24/07/2015,125.32,125.739998,123.900002,121.344529,42162300
AAPL,23/07/2015,126.199997,127.089996,125.059998,121.987805,50999500
AAPL,22/07/2015,121.989998,125.5,121.989998,122.046282,115450600
AAPL,21/07/2015,132.850006,132.919998,130.320007,127.436122,76756400
AAPL,20/07/2015,130.970001,132.970001,130.699997,128.722674,58900200
AAPL,17/07/2015,129.080002,129.619995,128.309998,126.334757,46164700
AAPL,16/07/2015,127.739998,128.570007,127.349998,125.25289,36222400
AAPL,15/07/2015,125.720001,127.150002,125.580002,123.605728,33649200
AAPL,14/07/2015,126.040001,126.370003,125.040001,122.426397,31768100
AAPL,13/07/2015,125.029999,125.760002,124.32,122.475132,41440500
AAPL,10/07/2015,121.940002,123.849998,121.209999,120.155449,61354500
AAPL,09/07/2015,123.849998,124.059998,119.220001,117.026808,77821600
AAPL,08/07/2015,124.480003,124.639999,122.540001,119.463445,60761600
AAPL,07/07/2015,125.889999,126.150002,123.769997,122.504371,46946800
AAPL,06/07/2015,124.940002,126.230003,124.849998,122.806512,28060400
AAPL,02/07/2015,126.43,126.690002,125.769997,123.235362,27211000
AAPL,01/07/2015,126.900002,126.940002,125.989998,123.391303,30238800
AAPL,30/06/2015,125.57,126.120003,124.860001,122.250959,44370700
AAPL,29/06/2015,125.459999,126.470001,124.480003,121.373768,49161400
AAPL,26/06/2015,127.669998,127.989998,126.510002,123.537503,44066800
AAPL,25/06/2015,128.860001,129.199997,127.5,124.268494,31938100
AAPL,24/06/2015,127.209999,129.800003,127.120003,124.863034,55280900
AAPL,23/06/2015,127.480003,127.610001,126.879997,123.810405,30268900
AAPL,22/06/2015,127.489998,128.059998,127.080002,124.375706,34039300
AAPL,19/06/2015,127.709999,127.82,126.400002,123.391303,54716900
AAPL,18/06/2015,127.230003,128.309998,127.220001,124.63886,35407200
AAPL,17/06/2015,127.720001,127.879997,126.739998,124.073566,32918100
AAPL,16/06/2015,127.029999,127.849998,126.370003,124.365958,31494100
AAPL,15/06/2015,126.099998,127.239998,125.709999,123.703192,43988900
AAPL,12/06/2015,128.190002,128.330002,127.110001,123.946856,36886200
AAPL,11/06/2015,129.179993,130.179993,128.479996,125.330864,35390900
AAPL,10/06/2015,127.919998,129.339996,127.849998,125.613522,39087300
AAPL,09/06/2015,126.699997,128.080002,125.620003,124.19052,56075400
AAPL,08/06/2015,128.899994,129.210007,126.830002,124.560893,52674800
AAPL,05/06/2015,129.5,129.690002,128.360001,125.389341,35626800
AAPL,04/06/2015,129.580002,130.580002,128.910004,126.081352,38450100
AAPL,03/06/2015,130.660004,130.940002,129.899994,126.822085,30889400
AAPL,02/06/2015,129.860001,130.660004,129.320007,126.666151,33667600
AAPL,01/06/2015,130.279999,131.389999,130.050003,127.231438,32112800
AAPL,29/05/2015,131.229996,131.449997,129.899994,126.978033,50884500
AAPL,28/05/2015,131.860001,131.949997,131.100006,128.440015,30733300
AAPL,27/05/2015,130.339996,132.259995,130.050003,128.69342,45833200
AAPL,26/05/2015,132.600006,132.910004,129.119995,126.334757,70697600
AAPL,22/05/2015,131.600006,132.970001,131.399994,129.180748,45596000
AAPL,21/05/2015,130.070007,131.630005,129.830002,128.059901,39730400
AAPL,20/05/2015,130.0,130.979996,129.339996,126.763608,36454900
AAPL,19/05/2015,130.690002,130.880005,129.639999,126.773364,44633200
AAPL,18/05/2015,128.380005,130.720001,128.360001,126.890318,50882900
AAPL,15/05/2015,129.070007,129.490005,128.210007,125.50631,38208000
AAPL,14/05/2015,127.410004,128.949997,127.160004,125.68174,45203500
AAPL,13/05/2015,126.150002,127.190002,125.870003,122.81626,34694200
AAPL,12/05/2015,125.599998,126.879997,124.82,122.679809,48160000
AAPL,11/05/2015,127.389999,127.559998,125.629997,123.118401,42035800
AAPL,08/05/2015,126.68,127.620003,126.110001,124.385455,55550400
AAPL,07/05/2015,124.769997,126.080002,124.019997,122.085269,43940900
AAPL,06/05/2015,126.559998,126.75,123.360001,121.334791,72141000
AAPL,05/05/2015,128.149994,128.449997,125.779999,122.101567,49271400
AAPL,04/05/2015,129.5,130.570007,128.259995,124.916303,50988300
AAPL,01/05/2015,126.099998,130.130005,125.300003,125.158953,58512600
AAPL,30/04/2015,128.639999,128.639999,124.580002,121.470675,83195400
AAPL,29/04/2015,130.160004,131.589996,128.300003,124.858069,63386100
AAPL,28/04/2015,134.460007,134.539993,129.570007,126.72162,118924000
AAPL,27/04/2015,132.309998,133.130005,131.149994,128.750172,96954200
AAPL,24/04/2015,130.490005,130.630005,129.229996,126.449853,44525900
AAPL,23/04/2015,128.300003,130.419998,128.139999,125.857786,45770900
AAPL,22/04/2015,126.989998,128.869995,126.32,124.838653,37654500
AAPL,21/04/2015,128.100006,128.199997,126.669998,123.178934,32435100
AAPL,20/04/2015,125.57,128.119995,125.169998,123.848643,47054300
AAPL,17/04/2015,125.550003,126.139999,124.459999,121.082433,51957000
AAPL,16/04/2015,126.279999,127.099998,126.110001,122.460684,28369000
AAPL,15/04/2015,126.410004,127.129997,126.010002,123.052751,28970400
AAPL,14/04/2015,127.0,127.290001,125.910004,122.586867,25524600
AAPL,13/04/2015,128.369995,128.570007,126.610001,123.120693,36365100
AAPL,10/04/2015,125.949997,127.209999,125.260002,123.363343,40188000
AAPL,09/04/2015,125.849998,126.580002,124.660004,122.839218,32484000
AAPL,08/04/2015,125.849998,126.400002,124.970001,121.907442,37329200
AAPL,07/04/2015,127.639999,128.119995,125.980003,122.305392,35012300
AAPL,06/04/2015,124.470001,127.510002,124.330002,123.605993,37194000
AAPL,02/04/2015,125.029999,125.559998,124.190002,121.635675,32220100
AAPL,01/04/2015,124.82,125.120003,123.099998,120.597133,40621400
AAPL,31/03/2015,126.089996,126.489998,124.360001,120.771841,42090600
AAPL,30/03/2015,124.050003,126.400002,124.0,122.654809,47099700
AAPL,27/03/2015,124.57,124.699997,122.910004,119.626532,39546200
AAPL,26/03/2015,122.760002,124.879997,122.599998,120.587424,47572900
AAPL,25/03/2015,126.540001,126.82,123.379997,119.752707,51655200
AAPL,24/03/2015,127.230003,128.039993,126.559998,122.965401,32842300
AAPL,23/03/2015,127.120003,127.849998,126.519997,123.47011,37709700
AAPL,20/03/2015,128.25,128.399994,125.160004,122.198625,68695100
AAPL,19/03/2015,128.75,129.25,127.400002,123.751585,45809500
AAPL,18/03/2015,127.0,129.160004,126.370003,124.693069,65270900
AAPL,17/03/2015,125.900002,127.32,125.650002,123.305109,51023100
AAPL,16/03/2015,123.879997,124.949997,122.870003,121.27655,35874300
AAPL,13/03/2015,124.400002,125.400002,122.580002,119.956533,51827300
AAPL,12/03/2015,122.309998,124.900002,121.629997,120.79125,48362700
AAPL,11/03/2015,124.75,124.769997,122.110001,118.646223,68939000
AAPL,10/03/2015,126.410004,127.220001,123.800003,120.849491,68856600
AAPL,09/03/2015,127.959999,129.570007,125.059998,123.402168,88528500
AAPL,06/03/2015,128.399994,129.369995,126.260002,122.878043,72842100
AAPL,05/03/2015,128.580002,128.75,125.760002,122.693634,56517100
AAPL,04/03/2015,129.100006,129.559998,128.320007,124.761003,31666300
AAPL,03/03/2015,128.960007,129.520004,128.089996,125.556903,37816300
AAPL,02/03/2015,129.25,130.279999,128.300003,125.294836,48096700
AAPL,27/02/2015,130.0,130.570007,128.240005,124.683368,62014800
AAPL,26/02/2015,128.789993,130.869995,126.610001,126.585737,91287500
AAPL,25/02/2015,131.559998,131.600006,128.149994,125.003653,74711700
AAPL,24/02/2015,132.940002,133.600006,131.169998,128.284288,69228100
AAPL,23/02/2015,130.020004,133.0,129.660004,129.089888,70974100
AAPL,20/02/2015,128.619995,129.5,128.050003,125.692786,48948400
AAPL,19/02/2015,128.479996,129.029999,128.330002,124.673652,37362400
AAPL,18/02/2015,127.629997,128.779999,127.449997,124.935719,44891700
AAPL,17/02/2015,127.489998,128.880005,126.919998,124.071885,63152400
AAPL,13/02/2015,127.279999,127.279999,125.650002,123.343934,54272200
AAPL,12/02/2015,126.059998,127.480003,125.57,122.742159,74474500
AAPL,11/02/2015,122.769997,124.919998,122.5,121.208608,73561800
AAPL,10/02/2015,120.169998,122.150002,120.160004,118.43269,62008500
AAPL,09/02/2015,118.550003,119.839996,118.43,116.200313,38889800
AAPL,06/02/2015,120.019997,120.25,118.449997,115.433537,43706600
AAPL,05/02/2015,120.019997,120.230003,119.25,116.413846,42246200
AAPL,04/02/2015,118.5,120.510002,118.309998,115.588828,70149700
AAPL,03/02/2015,118.5,119.089996,117.610001,114.709057,51915700
AAPL,02/02/2015,118.050003,119.169998,116.080002,114.689718,62739100
AAPL,30/01/2015,118.400002,120.0,116.849998,113.26855,83745500
AAPL,29/01/2015,116.32,119.190002,115.559998,114.950754,84436400
AAPL,28/01/2015,117.629997,118.120003,115.309998,111.479991,146477100
AAPL,27/01/2015,112.419998,112.480003,109.029999,105.514929,95568700
AAPL,26/01/2015,113.739998,114.360001,112.800003,109.343397,55615000
AAPL,23/01/2015,112.300003,113.75,111.529999,109.227388,46464800
AAPL,22/01/2015,110.260002,112.470001,109.720001,108.66665,53796400
AAPL,21/01/2015,108.949997,111.059998,108.269997,105.911314,48575900
AAPL,20/01/2015,107.839996,108.970001,106.5,105.108881,49899900
AAPL,16/01/2015,107.029999,107.580002,105.199997,102.469554,78513300
AAPL,15/01/2015,110.0,110.059998,106.660004,103.271988,60014000
AAPL,14/01/2015,109.040001,110.489998,108.5,106.153011,48337000
AAPL,13/01/2015,111.43,112.800003,108.910004,106.559059,67091900
AAPL,12/01/2015,112.599998,112.629997,108.800003,105.621276,49650800
AAPL,09/01/2015,112.669998,113.25,110.209999,108.289605,53699500
AAPL,08/01/2015,109.230003,112.150002,108.699997,108.173588,59364500
AAPL,07/01/2015,107.199997,108.199997,106.699997,104.171098,40105900
AAPL,06/01/2015,106.540001,107.43,104.629997,102.73059,65797100
AAPL,05/01/2015,108.290001,108.650002,105.410004,102.72092,64285500
AAPL,02/01/2015,111.389999,111.440002,107.349998,105.69862,53204600
AAPL,31/12/2014,112.82,113.129997,110.209999,106.71374,41403400
AAPL,30/12/2014,113.639999,113.919998,112.110001,108.78266,29881500
TSLA,11/08/2016,226.169998,227.570007,223.410004,224.910004,1875800
TSLA,10/08/2016,228.240005,229.869995,224.619995,225.649994,2308400
TSLA,09/08/2016,226.820007,231.539993,226.649994,229.080002,2193900
TSLA,08/08/2016,228.0,229.600006,226.089996,226.160004,2263600
TSLA,05/08/2016,230.0,232.0,227.399994,230.029999,3205200
TSLA,04/08/2016,225.690002,230.860001,222.050003,230.610001,4147000
TSLA,03/08/2016,227.369995,229.699997,224.210007,225.789993,3887800
TSLA,02/08/2016,229.369995,229.869995,221.399994,227.199997,3934400
TSLA,01/08/2016,235.5,236.630005,229.380005,230.009995,4016300
TSLA,29/07/2016,230.699997,235.279999,230.240005,234.789993,3070800
TSLA,28/07/2016,227.949997,230.759995,226.600006,230.610001,2419100
TSLA,27/07/2016,229.339996,233.360001,226.919998,228.490005,2889000
TSLA,26/07/2016,227.690002,230.0,225.300003,229.509995,3430000
TSLA,25/07/2016,222.270004,231.389999,221.369995,230.009995,4490700
TSLA,22/07/2016,221.990005,224.5,218.880005,222.270004,2579700
TSLA,21/07/2016,226.0,227.850006,219.100006,220.5,4428700
TSLA,20/07/2016,226.470001,229.800003,225.0,228.360001,2568500
TSLA,19/07/2016,225.0,229.100006,224.75,225.259995,3115100
TSLA,18/07/2016,219.639999,227.089996,218.300003,226.25,3412100
TSLA,15/07/2016,222.520004,222.75,219.639999,220.399994,2234200
TSLA,14/07/2016,223.119995,224.940002,221.050003,221.529999,2675800
TSLA,13/07/2016,225.5,225.589996,220.289993,222.529999,3567100
TSLA,12/07/2016,224.100006,227.5,223.220001,224.649994,4571300
TSLA,11/07/2016,219.960007,226.779999,219.509995,224.779999,5429800
TSLA,08/07/2016,217.800003,219.809998,214.5,216.779999,4074800
TSLA,07/07/2016,213.100006,218.119995,213.009995,215.940002,3612000
TSLA,06/07/2016,210.0,215.229996,209.0,214.440002,4919900
TSLA,05/07/2016,209.729996,214.539993,208.0,213.979996,5175300
TSLA,01/07/2016,206.139999,218.240005,206.0,216.5,5400000
TSLA,30/06/2016,212.970001,213.5,209.020004,212.279999,4843100
TSLA,29/06/2016,205.130005,211.779999,203.0,210.190002,5994900
TSLA,28/06/2016,201.889999,204.050003,199.410004,201.789993,6212400
TSLA,27/06/2016,190.860001,198.809998,187.869995,198.550003,7205400
TSLA,24/06/2016,190.050003,195.119995,189.729996,193.149994,7026500
TSLA,23/06/2016,195.690002,197.550003,192.130005,196.399994,10130700
TSLA,22/06/2016,199.470001,205.949997,195.75,196.660004,23742400
TSLA,21/06/2016,220.679993,222.570007,218.809998,219.610001,4529000
TSLA,20/06/2016,219.5,223.75,218.229996,219.699997,3555500
TSLA,17/06/2016,217.809998,219.990005,214.5,215.470001,3112600
TSLA,16/06/2016,217.419998,218.039993,213.5,217.929993,2440300
TSLA,15/06/2016,216.949997,221.899994,215.130005,217.699997,2908500
TSLA,14/06/2016,218.880005,222.199997,212.529999,214.960007,3580200
TSLA,13/06/2016,219.5,225.770004,217.660004,217.869995,4193000
TSLA,10/06/2016,227.389999,227.970001,218.419998,218.789993,6026600
TSLA,09/06/2016,234.979996,235.330002,227.059998,229.360001,4492100
TSLA,08/06/2016,233.800003,240.850006,232.610001,235.520004,5972000
TSLA,07/06/2016,222.240005,234.440002,221.520004,232.339996,6213600
TSLA,06/06/2016,218.0,220.899994,215.449997,220.679993,2249500
TSLA,03/06/2016,220.0,221.940002,218.009995,218.990005,2229000
TSLA,02/06/2016,219.589996,219.910004,217.110001,218.960007,2032800
TSLA,01/06/2016,221.479996,222.399994,216.889999,219.559998,2982700
TSLA,31/05/2016,223.039993,224.75,221.5,223.229996,2789000
TSLA,27/05/2016,224.990005,225.929993,220.75,223.039993,3650300
TSLA,26/05/2016,220.5,225.259995,219.050003,225.119995,4072400
TSLA,25/05/2016,217.910004,221.360001,216.509995,219.580002,3126800
TSLA,24/05/2016,216.600006,218.740005,215.179993,217.910004,3013800
TSLA,23/05/2016,219.869995,222.600006,215.860001,216.220001,5102500
TSLA,20/05/2016,216.990005,220.550003,216.350006,220.279999,9007100
TSLA,19/05/2016,213.619995,216.789993,207.300003,215.210007,6866300
TSLA,18/05/2016,209.149994,215.309998,207.75,211.169998,5617500
TSLA,17/05/2016,209.050003,209.820007,204.020004,204.660004,2843600
TSLA,16/05/2016,208.149994,213.149994,207.919998,208.289993,2949400
TSLA,13/05/2016,207.779999,211.199997,206.699997,207.610001,2822800
TSLA,12/05/2016,211.440002,211.669998,203.660004,207.279999,3650500
TSLA,11/05/2016,207.589996,215.479996,206.050003,208.960007,5161900
TSLA,10/05/2016,207.550003,209.470001,205.0,208.690002,4070600
TSLA,09/05/2016,215.720001,216.149994,206.800003,208.919998,4776400
TSLA,06/05/2016,210.869995,216.369995,208.110001,214.929993,5685200
TSLA,05/05/2016,228.460007,228.639999,209.789993,211.529999,11254800
TSLA,04/05/2016,230.289993,234.460007,220.399994,222.559998,8262500
TSLA,03/05/2016,237.360001,238.910004,231.619995,232.320007,4302200
TSLA,02/05/2016,241.5,243.190002,234.820007,241.800003,3843900
TSLA,29/04/2016,248.139999,248.429993,237.809998,240.759995,5413800
TSLA,28/04/2016,249.850006,253.429993,247.440002,247.710007,2519000
TSLA,27/04/2016,252.75,255.0,249.399994,251.470001,3205800
TSLA,26/04/2016,252.050003,255.729996,249.389999,253.740005,3223800
TSLA,25/04/2016,253.009995,257.380005,250.759995,251.820007,3670300
TSLA,22/04/2016,248.889999,254.0,245.710007,253.75,3786300
TSLA,21/04/2016,248.990005,250.899994,246.910004,248.289993,2783100
TSLA,20/04/2016,246.259995,253.660004,241.5,249.970001,5194100
TSLA,19/04/2016,253.119995,254.369995,241.25,247.369995,6357500
TSLA,18/04/2016,252.229996,258.309998,251.660004,253.880005,4271400
TSLA,15/04/2016,251.309998,254.600006,249.119995,254.509995,3752400
TSLA,14/04/2016,253.0,256.839996,251.050003,251.860001,4132200
TSLA,13/04/2016,248.509995,255.5,247.330002,254.529999,4925600
TSLA,12/04/2016,249.5,251.800003,243.630005,247.820007,5763200
TSLA,11/04/2016,251.0,258.98999,245.300003,249.919998,9161700
TSLA,08/04/2016,260.5,260.820007,248.020004,250.070007,7363900
TSLA,07/04/2016,266.450012,269.339996,254.509995,257.200012,8856200
TSLA,06/04/2016,253.970001,267.73999,253.449997,265.420013,11705500
TSLA,05/04/2016,240.5,256.559998,240.0,255.470001,9948700
TSLA,04/04/2016,249.119995,252.119995,243.639999,246.990005,13475300
TSLA,01/04/2016,244.830002,247.899994,233.25,237.589996,15997500
TSLA,31/03/2016,229.339996,237.419998,225.009995,229.770004,8012900
TSLA,30/03/2016,235.089996,235.5,226.5,226.889999,4033000
TSLA,29/03/2016,229.889999,232.380005,225.330002,230.130005,4014300
TSLA,28/03/2016,231.610001,234.809998,225.0,230.259995,3925700
TSLA,24/03/2016,215.779999,228.889999,215.0,227.75,4960900
TSLA,23/03/2016,232.369995,234.729996,222.029999,222.580002,4948800
TSLA,22/03/2016,237.210007,238.990005,232.559998,234.240005,4316000
TSLA,21/03/2016,235.339996,239.880005,235.0,238.320007,5307800
TSLA,18/03/2016,229.100006,234.479996,228.059998,232.740005,4711800
TSLA,17/03/2016,221.470001,228.5,220.0,226.380005,3782900
TSLA,16/03/2016,218.0,222.580002,217.020004,221.929993,3516700
TSLA,15/03/2016,214.270004,218.970001,211.5,218.339996,3180500
TSLA,14/03/2016,212.649994,216.720001,210.639999,215.149994,4065700
TSLA,11/03/2016,207.929993,209.419998,205.330002,207.5,3343100
TSLA,10/03/2016,210.0,213.289993,200.669998,205.179993,5192500
TSLA,09/03/2016,204.520004,209.369995,202.789993,208.720001,3208600
TSLA,08/03/2016,203.5,207.5,202.199997,202.600006,4178700
TSLA,07/03/2016,197.679993,209.699997,197.399994,205.289993,5329400
TSLA,04/03/2016,198.0,204.029999,197.5,201.039993,6489100
TSLA,03/03/2016,188.279999,197.419998,184.220001,195.740005,4829000
TSLA,02/03/2016,183.729996,188.520004,181.5,188.339996,4862400
TSLA,01/03/2016,194.25,195.949997,182.699997,186.350006,6712200
TSLA,29/02/2016,192.399994,196.350006,189.220001,191.929993,4499000
TSLA,26/02/2016,188.699997,192.0,185.0,190.339996,6065100
TSLA,25/02/2016,178.649994,188.520004,175.199997,187.429993,5750700
TSLA,24/02/2016,172.75,179.5,167.839996,179.0,5395600
TSLA,23/02/2016,176.160004,181.729996,173.679993,177.210007,5984400
TSLA,22/02/2016,170.119995,178.910004,169.850006,177.740005,5060100
TSLA,19/02/2016,163.660004,167.490005,162.5,166.580002,2959400
TSLA,18/02/2016,172.419998,172.949997,164.770004,166.770004,3887600
TSLA,17/02/2016,159.0,169.339996,156.679993,168.679993,5825200
TSLA,16/02/2016,158.699997,162.949997,154.110001,155.169998,5593800
TSLA,12/02/2016,155.0,157.009995,143.699997,151.039993,7235800
TSLA,11/02/2016,152.0,163.259995,147.0,150.470001,14252400
TSLA,10/02/2016,150.5,154.970001,141.740005,143.669998,10406500
TSLA,09/02/2016,142.320007,159.789993,141.050003,148.25,8651600
TSLA,08/02/2016,157.100006,157.149994,146.0,147.990005,9313000
TSLA,05/02/2016,171.300003,173.0,157.740005,162.600006,9437600
TSLA,04/02/2016,170.699997,175.979996,166.990005,175.330002,4385400
TSLA,03/02/2016,183.589996,183.940002,170.179993,173.479996,7931400
TSLA,02/02/2016,192.419998,193.119995,180.229996,182.779999,5773600
TSLA,01/02/2016,188.759995,199.520004,182.75,196.940002,5297600
TSLA,29/01/2016,189.949997,193.740005,188.080002,191.199997,2852300
TSLA,28/01/2016,190.789993,191.279999,182.410004,189.699997,4592800
TSLA,27/01/2016,192.380005,193.259995,185.770004,188.070007,3617200
TSLA,26/01/2016,196.699997,197.820007,188.880005,193.559998,4964200
TSLA,25/01/2016,200.059998,203.570007,195.880005,196.380005,2698700
TSLA,22/01/2016,204.800003,205.5,199.029999,202.550003,3124100
TSLA,21/01/2016,201.550003,203.229996,195.020004,199.970001,3166200
TSLA,20/01/2016,199.399994,201.279999,191.25,198.699997,5838600
TSLA,19/01/2016,208.710007,210.470001,200.779999,204.720001,4038700
TSLA,15/01/2016,198.970001,205.070007,197.25,204.990005,5322200
TSLA,14/01/2016,202.210007,210.0,193.380005,206.179993,6490700
TSLA,13/01/2016,212.009995,212.649994,200.0,200.309998,4126400
TSLA,12/01/2016,211.600006,213.740005,205.309998,209.970001,3091900
TSLA,11/01/2016,214.009995,214.449997,203.0,207.850006,4091400
TSLA,08/01/2016,217.860001,220.440002,210.770004,211.0,3628100
TSLA,07/01/2016,214.190002,218.440002,213.669998,215.649994,3554300
TSLA,06/01/2016,220.0,220.050003,215.979996,219.039993,3779100
TSLA,05/01/2016,226.360001,226.889999,220.0,223.429993,3186800
TSLA,04/01/2016,230.720001,231.380005,219.0,223.410004,6827100
TSLA,31/12/2015,238.509995,243.449997,238.369995,240.009995,2683200
TSLA,30/12/2015,236.600006,243.630005,235.669998,238.089996,3697900
TSLA,29/12/2015,230.059998,237.720001,229.550003,237.190002,2406300
TSLA,28/12/2015,231.490005,231.979996,225.539993,228.949997,1901300
TSLA,24/12/2015,230.559998,231.880005,228.279999,230.570007,708000
TSLA,23/12/2015,232.179993,233.449997,228.130005,229.699997,1555000
TSLA,22/12/2015,234.990005,236.550003,229.630005,229.949997,1961500
TSLA,21/12/2015,231.690002,235.830002,231.080002,232.559998,1953200
TSLA,18/12/2015,232.889999,235.899994,229.289993,230.460007,3014200
TSLA,17/12/2015,233.940002,237.759995,229.809998,233.389999,3298600
TSLA,16/12/2015,222.100006,234.880005,220.729996,234.509995,5104300
TSLA,15/12/2015,221.820007,222.220001,218.0,221.089996,2244400
TSLA,14/12/2015,217.509995,220.919998,214.869995,218.580002,2827100
TSLA,11/12/2015,225.240005,225.75,216.639999,217.020004,3268700
TSLA,10/12/2015,224.710007,228.490005,223.639999,227.070007,2067000
TSLA,09/12/2015,226.699997,227.5,220.720001,224.520004,3057800
TSLA,08/12/2015,227.520004,228.800003,224.199997,226.720001,2687600
TSLA,07/12/2015,227.699997,235.630005,226.149994,231.130005,3144200
TSLA,04/12/2015,232.460007,233.270004,227.660004,230.380005,2573600
TSLA,03/12/2015,235.479996,237.449997,230.0,232.710007,2939600
TSLA,02/12/2015,237.0,238.600006,231.229996,231.990005,2981500
TSLA,01/12/2015,231.059998,238.0,231.050003,237.190002,3734000
TSLA,30/11/2015,231.789993,234.279999,229.080002,230.259995,2659800
TSLA,27/11/2015,231.059998,232.25,227.009995,231.610001,1949400
TSLA,25/11/2015,221.339996,230.830002,220.380005,229.639999,3990800
TSLA,24/11/2015,215.369995,221.0,215.0,218.25,2480300
TSLA,23/11/2015,217.350006,219.179993,214.679993,217.75,2526200
TSLA,20/11/2015,223.490005,225.0,213.580002,220.009995,4400700
TSLA,19/11/2015,220.539993,226.190002,220.300003,221.800003,2504400
TSLA,18/11/2015,214.5,221.380005,212.520004,221.070007,2811900
TSLA,17/11/2015,215.199997,216.0,211.399994,214.0,2148700
TSLA,16/11/2015,206.089996,214.979996,205.800003,214.309998,2925400
TSLA,13/11/2015,212.949997,212.990005,206.520004,207.190002,3430300
TSLA,12/11/2015,217.850006,219.0,212.660004,212.940002,2915900
TSLA,11/11/2015,217.770004,219.479996,213.630005,219.080002,3347800
TSLA,10/11/2015,223.479996,223.699997,216.080002,216.5,4617000
TSLA,09/11/2015,232.990005,232.990005,224.309998,225.330002,3850900
TSLA,06/11/2015,230.699997,233.360001,229.5,232.360001,2445300
TSLA,05/11/2015,230.580002,234.580002,229.190002,231.770004,4496800
TSLA,04/11/2015,227.0,232.740005,225.199997,231.630005,12726400
TSLA,03/11/2015,213.850006,214.440002,207.75,208.350006,8332500
TSLA,02/11/2015,208.919998,215.800003,207.220001,213.789993,3927900
TSLA,30/10/2015,210.399994,211.630005,203.889999,206.929993,4438900
TSLA,29/10/2015,211.75,213.75,210.639999,211.630005,1805000
TSLA,28/10/2015,211.309998,213.449997,208.300003,212.960007,2728600
TSLA,27/10/2015,214.839996,217.100006,207.509995,210.350006,3519400
TSLA,26/10/2015,211.380005,215.880005,210.0,215.259995,3391400
TSLA,23/10/2015,215.0,215.350006,207.690002,209.089996,4235500
TSLA,22/10/2015,211.559998,215.75,209.399994,211.720001,2825200
TSLA,21/10/2015,211.990005,214.809998,208.800003,210.089996,4151500
TSLA,20/10/2015,227.720001,228.600006,202.0,213.029999,14863300
TSLA,19/10/2015,226.5,231.149994,224.940002,228.100006,2507900
TSLA,16/10/2015,223.039993,230.479996,222.869995,227.009995,4334500
TSLA,15/10/2015,216.429993,221.729996,213.699997,221.309998,2844200
TSLA,14/10/2015,220.669998,220.949997,215.429993,216.880005,3104400
TSLA,13/10/2015,213.279999,222.520004,211.130005,219.25,5171500
TSLA,12/10/2015,222.990005,223.0,215.270004,215.580002,3836300
TSLA,09/10/2015,220.929993,224.369995,218.360001,220.690002,6158400
TSLA,08/10/2015,230.080002,230.720001,221.309998,226.720001,6133200
TSLA,07/10/2015,236.630005,237.699997,229.119995,231.960007,6814000
TSLA,06/10/2015,240.0,243.029999,235.580002,241.460007,5225200
TSLA,05/10/2015,248.839996,249.839996,244.130005,246.149994,3689900
TSLA,02/10/2015,235.600006,247.699997,234.929993,247.570007,4424000
TSLA,01/10/2015,247.509995,248.5,237.130005,239.880005,4573000
TSLA,30/09/2015,252.0,252.399994,242.339996,248.399994,4929600
TSLA,29/09/2015,250.460007,254.729996,245.460007,246.649994,3703200
TSLA,28/09/2015,257.350006,259.790009,246.610001,248.429993,4901100
TSLA,25/09/2015,266.609985,266.910004,256.149994,256.910004,3773400
TSLA,24/09/2015,259.529999,263.450012,256.209991,263.119995,3448200
TSLA,23/09/2015,261.950012,262.079987,257.579987,261.059998,2600800
TSLA,22/09/2015,259.029999,262.649994,255.869995,260.940002,3664400
TSLA,21/09/2015,263.980011,271.570007,255.800003,264.200012,6120200
TSLA,18/09/2015,257.959991,263.820007,257.5,260.619995,3763100
TSLA,17/09/2015,263.959991,265.5,260.690002,262.070007,3585800
TSLA,16/09/2015,253.039993,262.880005,252.880005,262.25,4417100
TSLA,15/09/2015,252.75,254.600006,249.5,253.570007,2933500
TSLA,14/09/2015,251.100006,254.25,249.669998,253.190002,2890900
TSLA,11/09/2015,247.639999,250.240005,244.729996,250.240005,2350800
TSLA,10/09/2015,247.229996,250.720001,245.330002,248.479996,2709000
TSLA,09/09/2015,252.050003,254.25,248.300003,248.910004,3390800
TSLA,08/09/2015,245.050003,249.160004,244.050003,248.169998,3138200
TSLA,04/09/2015,240.889999,244.089996,238.199997,241.929993,3689200
TSLA,03/09/2015,252.059998,252.080002,245.0,245.570007,4194800
TSLA,02/09/2015,245.300003,247.880005,239.779999,247.690002,4629200
TSLA,01/09/2015,240.339996,246.0,236.970001,238.630005,5454800
TSLA,31/08/2015,245.619995,254.949997,245.509995,249.059998,4700200
TSLA,28/08/2015,241.860001,251.449997,241.570007,248.479996,5513700
TSLA,27/08/2015,231.0,244.75,230.809998,242.990005,7656000
TSLA,26/08/2015,227.929993,228.0,215.509995,224.839996,4963000
TSLA,25/08/2015,230.520004,230.899994,219.119995,220.029999,4327300
TSLA,24/08/2015,202.789993,231.399994,195.0,218.869995,9581600
TSLA,21/08/2015,236.0,243.800003,230.509995,230.770004,6590200
TSLA,20/08/2015,252.059998,254.559998,241.899994,242.179993,4905800
TSLA,19/08/2015,260.329987,260.649994,255.020004,255.25,3596200
TSLA,18/08/2015,255.380005,260.950012,253.559998,260.720001,4195000
TSLA,17/08/2015,255.559998,256.589996,250.509995,254.990005,7176700
TSLA,14/08/2015,247.240005,247.929993,241.770004,243.149994,4364800
TSLA,13/08/2015,239.860001,246.479996,239.119995,242.509995,4689200
TSLA,12/08/2015,235.0,239.770004,232.740005,238.169998,3728000
TSLA,11/08/2015,237.149994,239.300003,234.440002,237.369995,4264900
TSLA,10/08/2015,238.149994,242.970001,236.050003,241.139999,4185900
TSLA,07/08/2015,243.580002,243.729996,238.389999,242.509995,5073400
TSLA,06/08/2015,249.539993,255.0,236.119995,246.130005,14623800
TSLA,05/08/2015,263.579987,271.0,260.399994,270.130005,6214300
TSLA,04/08/2015,260.01001,266.720001,258.339996,266.279999,2352500
TSLA,03/08/2015,266.290009,266.709991,257.070007,259.98999,2553500
TSLA,31/07/2015,267.600006,269.359985,265.119995,266.149994,2222600
TSLA,30/07/2015,262.690002,266.940002,262.109985,266.790009,2034600
TSLA,29/07/2015,264.269989,267.890015,262.0,263.820007,2790100
TSLA,28/07/2015,255.75,265.399994,251.839996,264.820007,3895800
TSLA,27/07/2015,262.429993,264.429993,250.789993,253.009995,4694200
TSLA,24/07/2015,267.380005,271.089996,263.920013,265.410004,2836500
TSLA,23/07/2015,269.649994,269.899994,265.269989,267.200012,2227200
TSLA,22/07/2015,261.269989,269.440002,260.859985,267.869995,3105000
TSLA,21/07/2015,270.049988,273.5,266.549988,266.769989,6108700
TSLA,20/07/2015,275.0,286.649994,272.540009,282.26001,4978500
TSLA,17/07/2015,272.5,275.540009,268.25,274.660004,5004100
TSLA,16/07/2015,264.220001,267.200012,263.160004,266.679993,1616000
TSLA,15/07/2015,266.73999,267.48999,262.079987,263.140015,2021600
TSLA,14/07/2015,262.100006,265.98999,260.51001,265.649994,1907600
TSLA,13/07/2015,262.25,262.549988,256.049988,262.160004,2960300
TSLA,10/07/2015,262.220001,263.0,257.820007,259.149994,2610900
TSLA,09/07/2015,259.079987,262.950012,256.790009,257.920013,3325100
TSLA,08/07/2015,259.320007,260.799988,254.309998,254.960007,6221100
TSLA,07/07/2015,275.0,275.200012,260.769989,267.880005,6105100
TSLA,06/07/2015,278.880005,281.690002,276.299988,279.720001,4121900
TSLA,02/07/2015,280.200012,282.450012,273.309998,280.019989,7163900
TSLA,01/07/2015,271.109985,272.619995,267.850006,269.149994,2101200
TSLA,30/06/2015,264.799988,270.920013,264.0,268.26001,3086900
TSLA,29/06/2015,261.950012,265.950012,260.700012,262.019989,3478900
TSLA,26/06/2015,268.890015,269.109985,266.0,267.089996,3838400
TSLA,25/06/2015,266.450012,271.410004,265.25,268.790009,2849200
TSLA,24/06/2015,266.980011,267.350006,263.720001,265.170013,2412300
TSLA,23/06/2015,260.320007,268.0,258.570007,267.670013,3870800
TSLA,22/06/2015,262.149994,264.399994,255.690002,259.790009,4561100
TSLA,19/06/2015,262.399994,263.799988,260.100006,262.51001,2463000
TSLA,18/06/2015,262.0,263.459991,260.019989,261.890015,2782700
TSLA,17/06/2015,252.169998,264.359985,252.020004,260.410004,5512900
TSLA,16/06/2015,250.130005,253.440002,249.100006,253.119995,1984700
TSLA,15/06/2015,249.699997,251.279999,246.009995,250.380005,2186200
TSLA,12/06/2015,250.210007,253.460007,250.210007,250.690002,1422300
TSLA,11/06/2015,253.259995,254.369995,250.429993,251.410004,2044100
TSLA,10/06/2015,251.899994,254.0,248.5,250.699997,3454500
TSLA,09/06/2015,255.399994,257.73999,254.139999,256.0,2611100
TSLA,08/06/2015,250.850006,258.75,250.309998,256.290009,5017000
TSLA,05/06/2015,246.0,249.699997,245.679993,249.139999,3022000
TSLA,04/06/2015,247.5,249.300003,245.710007,245.919998,2453600
TSLA,03/06/2015,248.199997,250.720001,247.009995,248.990005,1775500
TSLA,02/06/2015,248.919998,249.399994,246.300003,248.350006,2134800
TSLA,01/06/2015,251.410004,251.600006,247.470001,249.449997,2505100
TSLA,29/05/2015,251.0,252.869995,249.429993,250.800003,3789300
TSLA,28/05/2015,247.029999,251.800003,245.050003,251.449997,3647300
TSLA,27/05/2015,248.509995,249.5,245.550003,247.429993,3408200
TSLA,26/05/2015,247.679993,252.0,246.5,247.460007,3498700
TSLA,22/05/2015,245.380005,248.600006,245.009995,247.729996,2223100
TSLA,21/05/2015,243.029999,246.619995,242.360001,245.619995,1970600
TSLA,20/05/2015,247.130005,247.740005,241.369995,244.350006,3755600
TSLA,19/05/2015,248.429993,251.0,246.149994,247.139999,3674200
TSLA,18/05/2015,247.0,249.899994,246.0,248.75,3353200
TSLA,15/05/2015,243.929993,249.399994,242.5,248.839996,4527600
TSLA,14/05/2015,244.820007,244.889999,241.25,244.100006,2895900
TSLA,13/05/2015,247.610001,248.300003,242.25,243.179993,5440200
TSLA,12/05/2015,240.110001,246.350006,238.190002,244.740005,6363400
TSLA,11/05/2015,236.289993,242.880005,235.309998,239.490005,5672300
TSLA,08/05/2015,235.990005,238.410004,233.699997,236.610001,4668200
TSLA,07/05/2015,221.0,237.479996,220.25,236.800003,9455900
TSLA,06/05/2015,234.100006,234.470001,228.199997,230.429993,5270900
TSLA,05/05/2015,237.759995,239.5,229.130005,232.949997,5796900
TSLA,04/05/2015,228.179993,234.729996,227.110001,230.509995,4434600
TSLA,01/05/2015,229.940002,231.770004,220.410004,226.029999,5281700
TSLA,30/04/2015,230.389999,232.889999,225.169998,226.050003,3911900
TSLA,29/04/2015,230.050003,234.970001,227.630005,232.449997,3936100
TSLA,28/04/2015,234.75,235.5,228.029999,230.479996,6085400
TSLA,27/04/2015,222.559998,238.75,222.0,231.550003,11672600
TSLA,24/04/2015,220.5,220.800003,218.009995,218.429993,2427800
TSLA,23/04/2015,218.270004,221.479996,217.149994,218.600006,4411200
TSLA,22/04/2015,212.5,221.880005,211.690002,219.440002,7863000
TSLA,21/04/2015,205.800003,210.75,204.309998,209.410004,3432500
TSLA,20/04/2015,206.779999,207.850006,203.850006,205.270004,2559300
TSLA,17/04/2015,204.990005,206.880005,203.5,206.789993,2469900
TSLA,16/04/2015,207.699997,209.169998,206.289993,206.699997,1659100
TSLA,15/04/2015,207.460007,209.589996,206.600006,207.830002,1952400
TSLA,14/04/2015,208.570007,209.490005,205.5,207.460007,3026000
TSLA,13/04/2015,210.440002,213.0,209.050003,209.779999,3758200
TSLA,10/04/2015,209.850006,211.649994,209.0,210.899994,4067700
TSLA,09/04/2015,208.429993,210.369995,206.119995,210.089996,3800200
TSLA,08/04/2015,208.199997,210.899994,205.869995,207.669998,6303100
TSLA,07/04/2015,202.509995,205.059998,201.139999,203.25,4347900
TSLA,06/04/2015,198.0,207.75,197.5,203.100006,12455800
TSLA,02/04/2015,190.229996,193.229996,190.0,191.0,5010400
TSLA,01/04/2015,188.699997,192.300003,186.050003,187.589996,3794600
TSLA,31/03/2015,193.529999,193.759995,188.410004,188.770004,5026600
TSLA,30/03/2015,185.850006,192.25,181.800003,190.570007,10089500
TSLA,27/03/2015,189.070007,189.289993,181.399994,185.0,8604900
TSLA,26/03/2015,193.919998,194.789993,189.699997,190.410004,4128000
TSLA,25/03/2015,198.270004,198.589996,192.699997,194.300003,5730400
TSLA,24/03/2015,201.580002,203.789993,199.75,201.720001,3649900
TSLA,23/03/2015,198.5,200.5,197.470001,199.630005,2631600
TSLA,20/03/2015,197.449997,198.990005,195.619995,198.080002,4269500
TSLA,19/03/2015,202.0,204.589996,194.529999,195.649994,8475200
TSLA,18/03/2015,194.960007,200.880005,193.110001,200.710007,4820900
TSLA,17/03/2015,195.429993,198.710007,193.940002,194.729996,4894100
TSLA,16/03/2015,192.0,195.910004,189.800003,195.699997,5628800
TSLA,13/03/2015,188.949997,191.75,187.320007,188.679993,5434300
TSLA,12/03/2015,193.75,194.449997,189.75,191.070007,4149300
TSLA,11/03/2015,191.149994,196.179993,191.009995,193.740005,4974900
TSLA,10/03/2015,188.460007,193.5,187.600006,190.320007,5579700
TSLA,09/03/2015,194.389999,194.490005,188.25,190.880005,6736700
TSLA,06/03/2015,199.210007,200.75,192.149994,193.880005,6712400
TSLA,05/03/2015,202.850006,206.190002,200.149994,200.630005,4877000
TSLA,04/03/2015,199.25,202.520004,197.210007,202.440002,4222000
TSLA,03/03/2015,196.809998,200.240005,195.320007,199.559998,4432300
TSLA,02/03/2015,202.699997,203.339996,195.830002,197.330002,7922100
TSLA,27/02/2015,206.899994,208.550003,202.800003,203.339996,3882100
TSLA,26/02/2015,204.0,211.089996,202.220001,207.190002,6472900
TSLA,25/02/2015,204.940002,207.139999,202.580002,203.759995,3909500
TSLA,24/02/2015,207.289993,207.289993,201.699997,204.110001,6603600
TSLA,23/02/2015,215.660004,218.199997,206.330002,207.339996,8499800
TSLA,20/02/2015,210.779999,217.600006,209.809998,217.110001,5982100
TSLA,19/02/2015,205.0,212.440002,203.75,211.710007,5154100
TSLA,18/02/2015,204.169998,206.169998,202.600006,204.460007,2713600
TSLA,17/02/2015,205.699997,205.699997,201.5,204.350006,3979600
TSLA,13/02/2015,202.899994,205.990005,200.910004,203.770004,6191000
TSLA,12/02/2015,193.570007,203.089996,193.279999,202.880005,15649600
TSLA,11/02/2015,212.210007,214.740005,207.279999,212.800003,9769100
TSLA,10/02/2015,217.550003,220.5,215.0,216.289993,5390500
TSLA,09/02/2015,215.380005,217.929993,211.990005,217.479996,3472400
TSLA,06/02/2015,222.0,223.399994,216.5,217.360001,3243900
TSLA,05/02/2015,219.880005,225.479996,219.639999,220.990005,3522900
TSLA,04/02/2015,218.289993,221.479996,216.800003,218.550003,3305400
TSLA,03/02/2015,213.220001,220.369995,211.270004,218.360001,4826200
TSLA,02/02/2015,203.970001,211.949997,203.300003,210.940002,4149200
TSLA,30/01/2015,203.960007,207.470001,203.0,203.600006,3007000
TSLA,29/01/2015,201.070007,205.979996,196.5,205.199997,3548100
TSLA,28/01/2015,206.110001,206.369995,198.419998,199.369995,3149600
TSLA,27/01/2015,204.419998,208.029999,203.300003,205.979996,2781000
TSLA,26/01/2015,201.830002,208.619995,201.050003,206.550003,3234500
TSLA,23/01/2015,200.289993,203.5,198.330002,201.289993,3438600
TSLA,22/01/2015,197.0,203.240005,195.199997,201.619995,4116900
TSLA,21/01/2015,189.550003,198.679993,189.509995,196.570007,4153000
TSLA,20/01/2015,193.869995,194.119995,187.039993,191.929993,4503200
TSLA,16/01/2015,190.699997,194.490005,189.649994,193.070007,3603200
TSLA,15/01/2015,194.490005,195.75,190.0,191.869995,5216500
TSLA,14/01/2015,185.830002,195.199997,185.0,192.690002,11513900
TSLA,13/01/2015,203.320007,207.610001,200.910004,204.25,4477300
TSLA,12/01/2015,203.050003,204.470001,199.25,202.210007,5950300
TSLA,09/01/2015,208.919998,209.979996,204.960007,206.660004,4668300
TSLA,08/01/2015,212.809998,213.800003,210.009995,210.619995,3442500
TSLA,07/01/2015,213.350006,214.779999,209.779999,210.949997,2968400
TSLA,06/01/2015,210.059998,214.199997,204.210007,211.279999,6261900
TSLA,05/01/2015,214.550003,216.5,207.160004,210.089996,5368500
TSLA,02/01/2015,222.869995,223.25,213.259995,219.309998,4764400
TSLA,31/12/2014,223.089996,225.679993,222.25,222.410004,2297500
TSLA,30/12/2014,223.990005,225.649994,221.399994,222.229996,2903200
YHOO,12/08/2016,41.279999,42.98,41.279999,42.939999,24698800
YHOO,11/08/2016,41.119999,41.73,40.93,41.27,23667100
YHOO,10/08/2016,39.34,39.98,39.299999,39.93,12742000
YHOO,09/08/2016,39.240002,39.310001,39.099998,39.240002,5926300
YHOO,08/08/2016,39.0,39.27,38.860001,39.240002,10131300
YHOO,05/08/2016,39.0,39.150002,38.900002,38.990002,9127100
YHOO,04/08/2016,38.470001,39.029999,38.43,38.919998,11000800
YHOO,03/08/2016,38.43,38.549999,38.279999,38.389999,5890100
YHOO,02/08/2016,38.599998,38.669998,38.259998,38.57,7504700
YHOO,01/08/2016,38.18,38.889999,38.099998,38.799999,9605000
YHOO,29/07/2016,38.470001,38.52,38.080002,38.189999,13199100
YHOO,28/07/2016,38.580002,38.639999,38.23,38.52,7424400
YHOO,27/07/2016,38.66,38.77,38.43,38.66,12148400
YHOO,26/07/2016,38.07,38.830002,37.900002,38.759998,15978600
YHOO,25/07/2016,39.200001,39.209999,38.220001,38.32,41814400
YHOO,22/07/2016,38.900002,39.419998,38.779999,39.380001,11325700
YHOO,21/07/2016,39.009998,39.25,38.720001,38.849998,7671800
YHOO,20/07/2016,38.360001,38.93,38.259998,38.900002,8178000
YHOO,19/07/2016,37.77,38.490002,37.650002,38.169998,10394000
YHOO,18/07/2016,37.68,37.970001,37.5,37.950001,16046800
YHOO,15/07/2016,38.16,38.189999,37.68,37.720001,13513400
YHOO,14/07/2016,37.849998,38.349998,37.849998,37.959999,10713000
YHOO,13/07/2016,37.990002,38.009998,37.459999,37.639999,9566100
YHOO,12/07/2016,38.0,38.330002,37.869999,37.889999,15224000
YHOO,11/07/2016,37.439999,38.150002,37.369999,37.959999,20342600
YHOO,08/07/2016,37.529999,37.84,37.060001,37.740002,8786600
YHOO,07/07/2016,37.57,37.759998,37.290001,37.52,9031400
YHOO,06/07/2016,37.43,37.560001,37.130001,37.509998,8328100
YHOO,05/07/2016,37.68,37.77,37.169998,37.5,8746700
YHOO,01/07/2016,37.560001,38.080002,37.43,37.990002,10602800
YHOO,30/06/2016,36.889999,37.580002,36.889999,37.560001,15209900
YHOO,29/06/2016,36.25,37.080002,36.25,36.860001,10808200
YHOO,28/06/2016,35.580002,36.139999,35.5,36.040001,10990700
YHOO,27/06/2016,35.869999,36.009998,35.049999,35.220001,14108600
YHOO,24/06/2016,36.400002,36.950001,36.09,36.240002,19657800
YHOO,23/06/2016,37.639999,37.779999,37.41,37.779999,7710900
YHOO,22/06/2016,37.369999,37.52,37.169998,37.360001,6279200
YHOO,21/06/2016,37.369999,37.549999,37.200001,37.400002,5574600
YHOO,20/06/2016,37.27,37.68,37.240002,37.290001,8957300
YHOO,17/06/2016,37.43,37.439999,36.810001,36.939999,12593900
YHOO,16/06/2016,37.389999,37.450001,36.540001,37.389999,10634000
YHOO,15/06/2016,37.43,37.599998,37.099998,37.32,10213200
YHOO,14/06/2016,36.630001,37.439999,36.630001,37.400002,13023100
YHOO,13/06/2016,36.700001,36.91,36.419998,36.470001,6519800
YHOO,10/06/2016,36.970001,37.139999,36.59,36.830002,11216500
YHOO,09/06/2016,36.82,37.73,36.709999,37.349998,14759100
YHOO,08/06/2016,36.84,37.299999,36.84,36.970001,9181900
YHOO,07/06/2016,36.900002,36.990002,36.630001,36.73,14757100
YHOO,06/06/2016,36.669998,37.200001,36.52,37.07,8426100
YHOO,03/06/2016,37.110001,37.110001,36.5,36.599998,12059100
YHOO,02/06/2016,36.66,37.220001,36.580002,37.150002,12179300
YHOO,01/06/2016,37.25,37.740002,36.560001,36.650002,22177600
YHOO,31/05/2016,37.73,38.080002,37.5,37.939999,12873600
YHOO,27/05/2016,36.880001,37.880001,36.84,37.82,14645900
YHOO,26/05/2016,36.130001,36.849998,36.07,36.759998,16285700
YHOO,25/05/2016,36.630001,36.959999,35.470001,35.59,33984900
YHOO,24/05/2016,36.849998,37.630001,36.77,37.529999,10623800
YHOO,23/05/2016,36.459999,36.950001,36.43,36.66,7785800
YHOO,20/05/2016,36.049999,36.720001,35.880001,36.5,34330700
YHOO,19/05/2016,36.939999,37.23,36.669998,37.02,7127500
YHOO,18/05/2016,37.09,37.5,36.889999,37.240002,8497900
YHOO,17/05/2016,37.439999,37.700001,37.25,37.27,11340300
YHOO,16/05/2016,37.029999,37.790001,36.880001,37.48,16995100
YHOO,13/05/2016,36.91,37.07,36.380001,36.48,11073200
YHOO,12/05/2016,37.389999,37.509998,36.790001,37.029999,11170900
YHOO,11/05/2016,37.279999,37.630001,37.200001,37.369999,10010800
YHOO,10/05/2016,37.169998,37.580002,37.139999,37.439999,7178500
YHOO,09/05/2016,36.970001,37.349998,36.919998,37.18,6157400
YHOO,06/05/2016,36.549999,37.310001,36.490002,37.23,9218200
YHOO,05/05/2016,37.060001,37.450001,36.860001,36.939999,13718900
YHOO,04/05/2016,35.810001,36.09,35.740002,36.0,9668700
YHOO,03/05/2016,36.25,36.41,35.91,36.009998,9088800
YHOO,02/05/2016,36.650002,36.740002,36.32,36.529999,6585500
YHOO,29/04/2016,36.509998,36.98,36.150002,36.599998,12006800
YHOO,28/04/2016,36.84,37.439999,36.509998,36.59,13175900
YHOO,27/04/2016,37.52,37.59,36.630001,36.950001,16401800
YHOO,26/04/2016,37.32,37.540001,36.91,37.110001,10083100
YHOO,25/04/2016,37.470001,37.540001,37.18,37.23,9832100
YHOO,22/04/2016,37.5,38.09,37.16,37.48,9106700
YHOO,21/04/2016,37.919998,38.119999,37.349998,37.669998,11658700
YHOO,20/04/2016,37.099998,38.189999,37.0,37.84,30761900
YHOO,19/04/2016,36.459999,36.73,36.110001,36.330002,20460600
YHOO,18/04/2016,36.240002,37.0,35.880001,36.52,17738300
YHOO,15/04/2016,37.130001,37.150002,36.419998,36.509998,19046900
YHOO,14/04/2016,37.470001,37.5,36.849998,37.169998,16620000
YHOO,13/04/2016,36.939999,37.349998,36.900002,37.310001,17166400
YHOO,12/04/2016,36.650002,36.830002,36.279999,36.66,10447800
YHOO,11/04/2016,36.380001,36.849998,36.32,36.48,13750800
YHOO,08/04/2016,36.849998,36.919998,35.619999,36.07,20273400
YHOO,07/04/2016,35.860001,37.25,35.720001,36.169998,38789100
YHOO,06/04/2016,36.400002,37.0,36.310001,36.66,19445000
YHOO,05/04/2016,36.700001,36.919998,36.220001,36.41,12443000
YHOO,04/04/2016,36.549999,37.5,36.540001,37.02,20227300
YHOO,01/04/2016,36.540001,36.880001,36.310001,36.48,13656200
YHOO,31/03/2016,36.509998,37.02,36.5,36.810001,18679000
YHOO,30/03/2016,36.610001,37.279999,36.439999,36.560001,19849800
YHOO,29/03/2016,35.049999,36.43,35.009998,36.32,23603400
YHOO,28/03/2016,35.389999,35.450001,34.619999,35.23,12981000
YHOO,24/03/2016,34.450001,34.869999,33.93,34.860001,14118600
YHOO,23/03/2016,35.43,35.700001,34.709999,34.799999,12217700
YHOO,22/03/2016,34.68,35.610001,34.68,35.41,11613900
YHOO,21/03/2016,35.0,36.099998,35.0,35.470001,13551300
YHOO,18/03/2016,34.540001,35.209999,34.380001,35.169998,20552600
YHOO,17/03/2016,33.880001,34.549999,33.869999,34.279999,9335700
YHOO,16/03/2016,33.029999,34.080002,33.0,34.009998,11002500
YHOO,15/03/2016,33.32,33.459999,33.110001,33.259998,10672300
YHOO,14/03/2016,33.75,34.09,33.509998,33.580002,8252700
YHOO,11/03/2016,33.290001,33.860001,32.84,33.810001,12380800
YHOO,10/03/2016,33.59,33.599998,32.09,32.82,19452000
YHOO,09/03/2016,33.09,33.52,32.779999,33.509998,12653200
YHOO,08/03/2016,33.66,33.82,32.84,32.93,21043800
YHOO,07/03/2016,33.68,34.380001,33.59,33.959999,22924000
YHOO,04/03/2016,32.91,33.93,32.759998,33.860001,22946600
YHOO,03/03/2016,32.709999,33.209999,32.419998,32.880001,11361400
YHOO,02/03/2016,32.810001,33.240002,32.77,32.91,10462200
YHOO,01/03/2016,32.040001,32.849998,32.040001,32.799999,14850900
YHOO,29/02/2016,31.309999,32.459999,31.309999,31.790001,21168500
YHOO,26/02/2016,31.68,31.9,31.219999,31.370001,16683500
YHOO,25/02/2016,30.74,31.360001,30.24,31.360001,19907400
YHOO,24/02/2016,30.41,31.120001,29.799999,30.950001,12613500
YHOO,23/02/2016,31.200001,31.379999,30.51,30.67,17072300
YHOO,22/02/2016,30.65,31.209999,30.389999,31.17,21465100
YHOO,19/02/2016,30.190001,30.23,29.700001,30.040001,20735000
YHOO,18/02/2016,29.559999,30.139999,29.389999,29.42,15319400
YHOO,17/02/2016,29.469999,29.66,29.059999,29.370001,12949700
YHOO,16/02/2016,27.98,29.440001,27.940001,29.280001,20187900
YHOO,12/02/2016,27.120001,27.32,26.719999,27.040001,13011900
YHOO,11/02/2016,26.459999,26.969999,26.15,26.76,11188200
YHOO,10/02/2016,27.110001,27.809999,26.84,27.1,9098800
YHOO,09/02/2016,26.639999,27.690001,26.51,26.82,14324800
YHOO,08/02/2016,27.610001,27.969999,26.48,27.049999,24498200
YHOO,05/02/2016,29.059999,29.139999,27.73,27.969999,16379600
YHOO,04/02/2016,27.91,29.23,27.709999,29.15,28548200
YHOO,03/02/2016,28.450001,28.610001,26.57,27.68,55707000
YHOO,02/02/2016,29.32,30.23,28.129999,29.059999,36544700
YHOO,01/02/2016,29.27,29.790001,28.790001,29.57,12905700
YHOO,29/01/2016,29.1,29.51,28.51,29.51,18979500
YHOO,28/01/2016,30.59,30.629999,28.6,28.75,15589300
YHOO,27/01/2016,29.9,30.530001,29.450001,29.690001,13534600
YHOO,26/01/2016,29.76,30.190001,29.620001,29.98,11426200
YHOO,25/01/2016,29.959999,30.389999,29.66,29.780001,23176900
YHOO,22/01/2016,29.969999,30.52,29.309999,29.75,16298100
YHOO,21/01/2016,28.75,29.799999,28.190001,29.309999,16282500
YHOO,20/01/2016,28.98,29.110001,27.440001,28.780001,20458900
YHOO,19/01/2016,29.84,30.0,29.309999,29.74,20053000
YHOO,15/01/2016,29.280001,29.77,28.59,29.139999,17572600
YHOO,14/01/2016,29.690001,30.57,28.709999,30.32,15031400
YHOO,13/01/2016,30.889999,31.17,29.33,29.440001,16692400
YHOO,12/01/2016,30.58,30.969999,30.209999,30.690001,13198500
YHOO,11/01/2016,30.65,30.75,29.74,30.17,17140100
YHOO,08/01/2016,30.51,31.540001,30.0,30.629999,26322800
YHOO,07/01/2016,30.969999,31.190001,30.02,30.16,21209100
YHOO,06/01/2016,31.67,32.459999,31.6,32.16,16047800
YHOO,05/01/2016,31.549999,32.330002,31.530001,32.200001,14301100
YHOO,04/01/2016,32.119999,32.349998,31.139999,31.4,25194400
YHOO,31/12/2015,33.220001,33.689999,33.18,33.259998,7423300
YHOO,30/12/2015,33.849998,34.040001,33.349998,33.369999,5933500
YHOO,29/12/2015,33.630001,34.169998,33.599998,34.040001,12621900
YHOO,28/12/2015,33.900002,33.91,33.349998,33.599998,11020800
YHOO,24/12/2015,34.189999,34.740002,34.099998,34.110001,3470700
YHOO,23/12/2015,34.240002,34.580002,33.990002,34.450001,13469200
YHOO,22/12/2015,32.990002,34.209999,32.970001,34.189999,15531300
YHOO,21/12/2015,33.119999,33.299999,32.689999,32.970001,9106700
YHOO,18/12/2015,33.099998,33.630001,32.869999,32.950001,16921800
YHOO,17/12/2015,33.810001,34.080002,33.110001,33.23,13243500
YHOO,16/12/2015,33.150002,33.880001,32.91,33.779999,12689400
YHOO,15/12/2015,32.529999,33.389999,32.5,33.029999,16140900
YHOO,14/12/2015,32.939999,33.27,32.209999,32.59,15949600
YHOO,11/12/2015,34.009998,34.150002,32.82,32.91,14936200
YHOO,10/12/2015,34.490002,34.73,33.91,34.630001,16174200
YHOO,09/12/2015,35.799999,35.84,33.150002,34.400002,45101900
YHOO,08/12/2015,34.240002,34.98,34.029999,34.849998,19852600
YHOO,07/12/2015,34.759998,34.919998,34.470001,34.68,12047900
YHOO,04/12/2015,34.34,35.200001,34.18,34.91,16109600
YHOO,03/12/2015,35.59,35.720001,34.099998,34.34,17080500
YHOO,02/12/2015,35.0,36.389999,34.77,35.650002,56708100
YHOO,01/12/2015,33.869999,33.889999,33.470001,33.709999,11020400
YHOO,30/11/2015,33.029999,33.830002,32.849998,33.810001,17534700
YHOO,27/11/2015,32.790001,33.09,32.439999,32.939999,5316100
YHOO,25/11/2015,32.77,33.52,32.75,33.16,13257200
YHOO,24/11/2015,33.09,33.189999,32.610001,32.959999,13364700
YHOO,23/11/2015,33.0,33.869999,32.869999,33.360001,11899700
YHOO,20/11/2015,32.860001,33.299999,32.689999,33.110001,12498500
YHOO,19/11/2015,33.209999,33.5,32.580002,32.630001,14222100
YHOO,18/11/2015,32.889999,33.02,32.32,32.98,11105600
YHOO,17/11/2015,33.009998,33.119999,32.619999,32.860001,10270400
YHOO,16/11/2015,32.23,32.990002,32.119999,32.950001,11087800
YHOO,13/11/2015,32.779999,33.040001,32.169998,32.189999,11063300
YHOO,12/11/2015,33.200001,33.849998,33.130001,33.23,14273100
YHOO,11/11/2015,34.209999,34.23,33.029999,33.380001,11804100
YHOO,10/11/2015,33.450001,34.130001,33.259998,33.990002,11511000
YHOO,09/11/2015,34.07,34.080002,33.080002,33.68,13645500
YHOO,06/11/2015,34.939999,35.200001,33.459999,34.200001,16608600
YHOO,05/11/2015,35.02,35.299999,34.16,35.119999,15679100
YHOO,04/11/2015,34.889999,35.240002,34.75,35.07,17501800
YHOO,03/11/2015,35.150002,35.34,34.650002,34.720001,12394300
YHOO,02/11/2015,35.459999,35.48,35.07,35.27,15206700
YHOO,30/10/2015,35.139999,35.700001,35.049999,35.619999,17418900
YHOO,29/10/2015,34.869999,35.150002,34.700001,35.049999,10796200
YHOO,28/10/2015,34.299999,35.27,34.299999,35.189999,15174300
YHOO,27/10/2015,34.970001,35.470001,33.880001,34.299999,26380900
YHOO,26/10/2015,33.130001,33.490002,33.0,33.400002,15810300
YHOO,23/10/2015,32.650002,33.360001,32.240002,33.169998,24308600
YHOO,22/10/2015,31.26,31.9,31.209999,31.67,18501200
YHOO,21/10/2015,32.060001,32.43,31.01,31.120001,30390400
YHOO,20/10/2015,33.490002,33.59,32.77,32.830002,19349200
YHOO,19/10/2015,33.259998,33.630001,33.18,33.5,10856500
YHOO,16/10/2015,33.639999,33.860001,33.16,33.369999,12209300
YHOO,15/10/2015,32.419998,33.490002,32.400002,33.48,19403800
YHOO,14/10/2015,32.279999,32.490002,31.77,32.09,11282800
YHOO,13/10/2015,32.560001,32.830002,32.32,32.34,15873800
YHOO,12/10/2015,32.709999,33.02,32.549999,32.860001,12580300
YHOO,09/10/2015,32.349998,32.689999,31.99,32.52,11830400
YHOO,08/10/2015,31.790001,32.5,31.73,32.369999,14245400
YHOO,07/10/2015,31.309999,31.99,31.209999,31.870001,12224800
YHOO,06/10/2015,30.790001,31.190001,30.66,30.959999,10963900
YHOO,05/10/2015,30.799999,31.200001,30.35,30.85,12883300
YHOO,02/10/2015,28.620001,30.709999,28.43,30.709999,29250500
YHOO,01/10/2015,28.950001,29.0,28.440001,28.91,14467600
YHOO,30/09/2015,28.65,29.110001,28.49,28.91,18317900
YHOO,29/09/2015,28.58,29.23,27.85,28.26,41895400
YHOO,28/09/2015,29.030001,29.219999,27.200001,27.6,49541300
YHOO,25/09/2015,29.66,29.709999,28.91,29.129999,12817500
YHOO,24/09/2015,29.469999,29.57,28.85,29.34,19109900
YHOO,23/09/2015,30.559999,30.57,29.629999,29.74,12755400
YHOO,22/09/2015,30.780001,30.92,30.17,30.4,15614900
YHOO,21/09/2015,31.200001,31.74,30.879999,31.17,18745000
YHOO,18/09/2015,30.51,30.799999,30.41,30.74,20538300
YHOO,17/09/2015,31.309999,31.33,30.809999,30.93,17094200
YHOO,16/09/2015,31.139999,31.77,30.99,31.4,22179700
YHOO,15/09/2015,29.719999,31.23,29.41,31.040001,25661600
YHOO,14/09/2015,30.68,30.92,30.0,30.32,22186900
YHOO,11/09/2015,31.09,31.43,30.629999,31.43,14365400
YHOO,10/09/2015,31.35,31.59,31.030001,31.15,14330900
YHOO,09/09/2015,30.4,31.799999,30.35,31.52,47058500
YHOO,08/09/2015,32.200001,32.830002,30.860001,30.9,26873900
YHOO,04/09/2015,32.0,32.290001,31.440001,31.58,13854100
YHOO,03/09/2015,31.860001,32.740002,31.799999,32.540001,13748900
YHOO,02/09/2015,32.009998,32.029999,31.379999,31.77,15688100
YHOO,01/09/2015,31.49,32.099998,31.23,31.6,19903500
YHOO,31/08/2015,32.91,32.990002,32.23,32.240002,13609000
YHOO,28/08/2015,33.32,33.57,32.93,33.139999,9366100
YHOO,27/08/2015,33.360001,33.77,32.950001,33.689999,19105100
YHOO,26/08/2015,32.459999,32.619999,31.110001,32.52,25414500
YHOO,25/08/2015,32.98,33.029999,31.540001,31.74,15752300
YHOO,24/08/2015,29.02,32.279999,29.0,31.309999,23163400
YHOO,21/08/2015,33.580002,34.02,32.91,32.93,18373600
YHOO,20/08/2015,34.77,34.950001,33.869999,34.099998,15604400
YHOO,19/08/2015,35.669998,35.669998,35.029999,35.189999,8976700
YHOO,18/08/2015,35.779999,36.189999,35.599998,35.689999,11445300
YHOO,17/08/2015,36.240002,36.240002,35.77,36.099998,7933600
YHOO,14/08/2015,35.82,36.349998,35.720001,36.240002,12241100
YHOO,13/08/2015,35.080002,36.610001,34.82,35.93,28987700
YHOO,12/08/2015,34.290001,34.77,33.849998,34.490002,31405700
YHOO,11/08/2015,36.740002,36.77,35.73,36.029999,13833200
YHOO,10/08/2015,36.869999,37.689999,36.869999,37.150002,11351400
YHOO,07/08/2015,36.52,36.759998,36.150002,36.669998,11845500
YHOO,06/08/2015,37.34,37.52,36.299999,36.459999,12299700
YHOO,05/08/2015,37.32,37.709999,37.23,37.25,6844000
YHOO,04/08/2015,36.610001,37.209999,36.599998,37.119999,9051900
YHOO,03/08/2015,36.669998,36.98,36.369999,36.689999,9887300
YHOO,31/07/2015,37.560001,37.57,36.619999,36.669998,15446100
YHOO,30/07/2015,37.5,37.689999,37.299999,37.419998,9542700
YHOO,29/07/2015,37.919998,37.919998,37.380001,37.669998,10290600
YHOO,28/07/2015,37.639999,37.919998,37.27,37.720001,10333100
YHOO,27/07/2015,38.310001,38.310001,37.650002,37.84,12942700
YHOO,24/07/2015,39.580002,39.580002,38.669998,38.849998,8590700
YHOO,23/07/2015,39.299999,39.779999,39.060001,39.209999,9267400
YHOO,22/07/2015,38.57,39.630001,38.259998,39.240002,17714800
YHOO,21/07/2015,39.610001,39.849998,39.349998,39.73,14861600
YHOO,20/07/2015,39.98,39.98,39.259998,39.540001,14752100
YHOO,17/07/2015,39.189999,39.790001,38.93,39.68,14864300
YHOO,16/07/2015,38.700001,38.959999,38.599998,38.91,8462400
YHOO,15/07/2015,38.509998,38.799999,38.150002,38.380001,9147300
YHOO,14/07/2015,38.650002,39.029999,38.439999,38.630001,9506500
YHOO,13/07/2015,38.25,38.799999,38.099998,38.759998,8713200
YHOO,10/07/2015,38.349998,38.419998,37.779999,37.919998,10057600
YHOO,09/07/2015,38.23,38.68,37.52,37.610001,16909400
YHOO,08/07/2015,37.200001,37.490002,36.939999,37.23,20529200
YHOO,07/07/2015,38.240002,38.380001,36.580002,38.23,19432500
YHOO,06/07/2015,38.759998,39.119999,38.459999,38.610001,11803400
YHOO,02/07/2015,39.259998,39.639999,39.189999,39.380001,7713000
YHOO,01/07/2015,39.459999,39.779999,39.150002,39.330002,6398400
YHOO,30/06/2015,39.389999,39.650002,39.189999,39.290001,11258300
YHOO,29/06/2015,39.490002,39.779999,38.849998,38.91,12481300
YHOO,26/06/2015,40.830002,40.869999,39.93,40.060001,16430900
YHOO,25/06/2015,41.099998,41.389999,40.900002,41.07,10776200
YHOO,24/06/2015,40.68,41.23,40.580002,40.939999,11462200
YHOO,23/06/2015,40.740002,40.799999,40.509998,40.650002,6860600
YHOO,22/06/2015,40.66,40.889999,40.540001,40.73,6141500
YHOO,19/06/2015,40.900002,40.93,40.369999,40.509998,11661500
YHOO,18/06/2015,41.040001,41.27,40.790001,40.91,10017600
YHOO,17/06/2015,40.799999,41.52,40.779999,40.959999,11943100
YHOO,16/06/2015,40.349998,41.400002,40.02,40.639999,20454500
YHOO,15/06/2015,40.240002,40.669998,40.209999,40.470001,10876300
YHOO,12/06/2015,40.77,41.110001,40.459999,40.529999,9232700
YHOO,11/06/2015,42.09,42.209999,40.549999,40.939999,23695000
YHOO,10/06/2015,41.700001,42.310001,41.689999,42.060001,7943800
YHOO,09/06/2015,41.919998,41.950001,41.02,41.630001,11995200
YHOO,08/06/2015,42.720001,42.889999,42.0,42.009998,7625500
YHOO,05/06/2015,42.830002,43.259998,42.700001,42.810001,9831100
YHOO,04/06/2015,43.09,43.439999,42.759998,42.880001,10033400
YHOO,03/06/2015,43.299999,43.779999,42.98,43.209999,11893400
YHOO,02/06/2015,43.18,43.619999,42.919998,43.150002,8866500
YHOO,01/06/2015,43.049999,43.630001,42.91,43.349998,11152900
YHOO,29/05/2015,43.450001,43.59,42.810001,42.939999,10928000
YHOO,28/05/2015,43.060001,43.419998,42.93,43.07,9414000
YHOO,27/05/2015,42.599998,43.439999,42.279999,43.380001,13686500
YHOO,26/05/2015,43.41,43.5,42.580002,42.849998,12796000
YHOO,22/05/2015,43.580002,44.0,43.470001,43.490002,10279400
YHOO,21/05/2015,43.060001,43.869999,43.049999,43.68,30404300
YHOO,20/05/2015,42.279999,43.040001,42.16,42.790001,54530800
YHOO,19/05/2015,44.380001,44.66,39.119999,40.98,45363900
YHOO,18/05/2015,44.52,44.57,44.040001,44.360001,9230000
YHOO,15/05/2015,45.0,45.07,44.689999,44.75,7768600
YHOO,14/05/2015,44.529999,44.990002,44.450001,44.950001,10301800
YHOO,13/05/2015,44.029999,44.669998,43.98,44.400002,10987200
YHOO,12/05/2015,44.299999,44.310001,43.689999,43.84,14264800
YHOO,11/05/2015,43.82,44.139999,43.59,43.599998,11509600
YHOO,08/05/2015,44.34,44.549999,44.0,44.09,15750200
YHOO,07/05/2015,44.93,44.98,43.549999,43.869999,28213800
YHOO,06/05/2015,41.310001,41.73,41.209999,41.66,13976300
YHOO,05/05/2015,41.860001,42.0,40.810001,41.299999,19377100
YHOO,04/05/2015,42.5,42.549999,41.830002,42.040001,14483800
YHOO,01/05/2015,42.549999,42.68,42.09,42.509998,10467600
YHOO,30/04/2015,43.119999,43.310001,42.259998,42.57,14257900
YHOO,29/04/2015,43.880001,44.049999,43.09,43.279999,12712600
YHOO,28/04/2015,44.34,44.57,43.939999,44.34,7197100
YHOO,27/04/2015,44.650002,45.099998,44.25,44.360001,10855400
YHOO,24/04/2015,43.73,44.709999,43.689999,44.52,11281100
YHOO,23/04/2015,43.919998,44.060001,43.580002,43.700001,14298900
YHOO,22/04/2015,44.580002,44.849998,43.669998,43.98,32284300
YHOO,21/04/2015,45.150002,45.18,44.450001,44.490002,18617900
YHOO,20/04/2015,44.73,44.91,44.41,44.66,10228700
YHOO,17/04/2015,45.299999,45.439999,44.25,44.450001,13591600
YHOO,16/04/2015,45.82,46.130001,45.529999,45.779999,13833100
YHOO,15/04/2015,45.459999,45.830002,45.23,45.73,15039600
YHOO,14/04/2015,44.82,45.639999,44.790001,45.529999,12365800
YHOO,13/04/2015,45.25,45.59,44.720001,44.77,8837300
YHOO,10/04/2015,45.790001,45.790001,45.0,45.18,8436400
YHOO,09/04/2015,45.700001,46.169998,45.16,45.630001,13678000
YHOO,08/04/2015,43.860001,45.189999,43.799999,45.169998,16071000
YHOO,07/04/2015,43.790001,44.220001,43.560001,43.610001,11382000
YHOO,06/04/2015,43.82,44.029999,43.610001,43.669998,10717000
YHOO,02/04/2015,44.240002,44.360001,43.68,44.150002,12229400
YHOO,01/04/2015,44.450001,44.599998,43.950001,44.130001,14722300
YHOO,31/03/2015,44.82,45.200001,44.419998,44.439999,10415500
YHOO,30/03/2015,45.360001,45.419998,44.82,44.950001,8884300
YHOO,27/03/2015,45.200001,45.669998,45.009998,45.099998,20563500
YHOO,26/03/2015,43.779999,44.669998,43.68,44.470001,16162900
YHOO,25/03/2015,44.59,44.93,44.130001,44.200001,14036900
YHOO,24/03/2015,44.639999,44.779999,44.279999,44.419998,7559100
YHOO,23/03/2015,45.25,45.540001,44.709999,44.720001,8268800
YHOO,20/03/2015,45.369999,45.580002,44.91,45.040001,14194200
YHOO,19/03/2015,44.900002,45.450001,44.810001,44.98,14758000
YHOO,18/03/2015,43.580002,44.709999,43.43,44.669998,18919900
YHOO,17/03/2015,43.540001,44.16,43.459999,43.790001,9656200
YHOO,16/03/2015,42.93,43.880001,42.75,43.509998,11376400
YHOO,13/03/2015,42.84,42.98,42.439999,42.869999,9087000
YHOO,12/03/2015,42.700001,43.360001,42.580002,42.950001,8384800
YHOO,11/03/2015,42.77,42.990002,42.360001,42.5,10007300
YHOO,10/03/2015,42.57,42.919998,42.18,42.68,10600700
YHOO,09/03/2015,43.599998,43.93,42.669998,42.98,11801900
YHOO,06/03/2015,43.98,44.240002,43.400002,43.439999,11888000
YHOO,05/03/2015,44.18,44.310001,43.5,44.16,11867700
YHOO,04/03/2015,42.080002,44.380001,41.970001,43.990002,30098500
YHOO,03/03/2015,43.700001,43.950001,42.419998,42.619999,22392400
YHOO,02/03/2015,44.060001,44.43,43.700001,44.110001,11027300
YHOO,27/02/2015,44.380001,44.57,44.049999,44.279999,10044200
YHOO,26/02/2015,44.599998,44.759998,44.259998,44.450001,9223800
YHOO,25/02/2015,43.209999,44.720001,43.209999,44.43,17922900
YHOO,24/02/2015,43.450001,43.52,42.91,43.380001,9797500
YHOO,23/02/2015,43.990002,43.990002,43.419998,43.529999,12129100
YHOO,20/02/2015,44.299999,44.360001,43.759998,44.110001,12036200
YHOO,19/02/2015,43.650002,44.419998,43.5,44.369999,13301000
YHOO,18/02/2015,43.560001,43.82,43.299999,43.650002,10410700
YHOO,17/02/2015,44.369999,44.540001,43.349998,43.529999,12798400
YHOO,13/02/2015,44.119999,44.59,44.0,44.419998,13785800
YHOO,12/02/2015,43.07,44.16,42.860001,43.93,18158200
YHOO,11/02/2015,43.18,43.259998,42.759998,42.959999,9791100
YHOO,10/02/2015,42.900002,43.18,42.66,43.07,12160800
YHOO,09/02/2015,42.610001,43.150002,42.540001,42.57,15507600
YHOO,06/02/2015,43.57,43.66,42.669998,42.939999,16005100
YHOO,05/02/2015,44.080002,44.259998,43.029999,43.549999,18414500
YHOO,04/02/2015,44.799999,44.98,43.880001,44.049999,16281400
YHOO,03/02/2015,45.099998,45.25,44.380001,44.700001,16985900
YHOO,02/02/2015,44.43,44.759998,43.880001,44.689999,20305700
YHOO,30/01/2015,43.75,44.849998,43.509998,43.990002,36033600
YHOO,29/01/2015,43.560001,43.799999,41.799999,43.73,74370100
YHOO,28/01/2015,49.799999,50.32,46.299999,46.459999,84839700
YHOO,27/01/2015,49.139999,49.279999,47.66,47.990002,45777200
YHOO,26/01/2015,49.57,49.790001,49.07,49.439999,18976400
YHOO,23/01/2015,48.740002,49.23,48.630001,48.950001,14294300
YHOO,22/01/2015,48.43,49.080002,48.009998,48.889999,12647400
YHOO,21/01/2015,47.599998,48.380001,47.32,48.18,16305100
YHOO,20/01/2015,46.790001,47.889999,46.77,47.630001,15845900
YHOO,16/01/2015,46.060001,46.59,45.849998,46.470001,14681800
YHOO,15/01/2015,47.540001,47.75,46.200001,46.23,17126000
YHOO,14/01/2015,47.700001,48.09,47.07,47.509998,15911600
YHOO,13/01/2015,49.150002,49.48,47.400002,48.299999,21605200
YHOO,12/01/2015,49.919998,49.93,48.560001,48.799999,10170700
YHOO,09/01/2015,50.279999,50.41,49.619999,49.720001,7462800
YHOO,08/01/2015,48.990002,50.23,48.720001,50.23,14704800
YHOO,07/01/2015,49.619999,49.639999,48.509998,48.59,11788000
YHOO,06/01/2015,49.200001,49.880001,48.330002,49.209999,16204300
YHOO,05/01/2015,49.709999,49.880001,48.91,49.130001,14389300
YHOO,02/01/2015,50.66,50.779999,49.470001,50.169998,11924500
YHOO,31/12/2014,51.540001,51.68,50.459999,50.509998,9305000
YHOO,30/12/2014,50.349998,51.27,50.349998,51.220001,10703500
